code,occ_category,occ_name,occ_label,occ_care_focus
10,"MANAGEMENT, BUSINESS, SCIENCE, AND ARTS",Chief executives and legislators/public administration,Chief executives and legislators/public administration,none
20,"MANAGEMENT, BUSINESS, SCIENCE, AND ARTS",General and Operations Managers,Business Managers,none
30,"MANAGEMENT, BUSINESS, SCIENCE, AND ARTS","Managers in Marketing, Advertising, and Public Relations",Business Managers,none
100,"MANAGEMENT, BUSINESS, SCIENCE, AND ARTS",Administrative Services Managers,Business Managers,none
110,"MANAGEMENT, BUSINESS, SCIENCE, AND ARTS",Computer and Information Systems Managers,Business Managers,none
120,"MANAGEMENT, BUSINESS, SCIENCE, AND ARTS",Financial Managers,Business Managers,none
130,"MANAGEMENT, BUSINESS, SCIENCE, AND ARTS",Human Resources Managers,Business Managers,none
140,"MANAGEMENT, BUSINESS, SCIENCE, AND ARTS",Industrial Production Managers,Business Managers,none
150,"MANAGEMENT, BUSINESS, SCIENCE, AND ARTS",Purchasing Managers,Business Managers,none
160,"MANAGEMENT, BUSINESS, SCIENCE, AND ARTS","Transportation, Storage, and Distribution Managers",Business Managers,none
205,"MANAGEMENT, BUSINESS, SCIENCE, AND ARTS","Farmers, Ranchers, and Other Agricultural Managers",Business Managers,none
220,"MANAGEMENT, BUSINESS, SCIENCE, AND ARTS",Constructions Managers,Business Managers,none
230,"MANAGEMENT, BUSINESS, SCIENCE, AND ARTS",Education Administrators,Education Administrators,developmental
300,"MANAGEMENT, BUSINESS, SCIENCE, AND ARTS",Architectural and Engineering Managers,Business Managers,none
310,"MANAGEMENT, BUSINESS, SCIENCE, AND ARTS",Food Service and Lodging Managers,Food Managers,daily_living
320,"MANAGEMENT, BUSINESS, SCIENCE, AND ARTS",Funeral Directors,Funeral Service Workers and Embalmers,none
330,"MANAGEMENT, BUSINESS, SCIENCE, AND ARTS",Gaming Managers,Business Managers,none
350,"MANAGEMENT, BUSINESS, SCIENCE, AND ARTS",Medical and Health Services Managers,Medical and Health Services Managers,health
360,"MANAGEMENT, BUSINESS, SCIENCE, AND ARTS",Natural Science Managers,Business Managers,none
410,"MANAGEMENT, BUSINESS, SCIENCE, AND ARTS","Property, Real Estate, and Community Association Managers",Business Managers,none
420,"MANAGEMENT, BUSINESS, SCIENCE, AND ARTS",Social and Community Service Managers,Social and Community Service Managers,health
430,"MANAGEMENT, BUSINESS, SCIENCE, AND ARTS","Managers, nec (including Postmasters)",Business Managers,none
500,BUSINESS OPERATIONS SPECIALISTS,"Agents and Business Managers of Artists, Performers, and Athletes",Business Operations Specialists,none
510,BUSINESS OPERATIONS SPECIALISTS,"Buyers and Purchasing Agents, Farm Products",Business Operations Specialists,none
520,BUSINESS OPERATIONS SPECIALISTS,"Wholesale and Retail Buyers, Except Farm Products",Business Operations Specialists,none
530,BUSINESS OPERATIONS SPECIALISTS,"Purchasing Agents, Except Wholesale, Retail, and Farm Products",Business Operations Specialists,none
540,BUSINESS OPERATIONS SPECIALISTS,"Claims Adjusters, Appraisers, Examiners, and Investigators",Business Operations Specialists,none
560,BUSINESS OPERATIONS SPECIALISTS,"Compliance Officers, Except Agriculture",Business Operations Specialists,none
600,BUSINESS OPERATIONS SPECIALISTS,Cost Estimators,Business Operations Specialists,none
620,BUSINESS OPERATIONS SPECIALISTS,"Human Resources, Training, and Labor Relations Specialists",Business Operations Specialists,none
700,BUSINESS OPERATIONS SPECIALISTS,Logisticians,Business Operations Specialists,none
710,BUSINESS OPERATIONS SPECIALISTS,Management Analysts,Business Operations Specialists,none
720,BUSINESS OPERATIONS SPECIALISTS,Meeting and Convention Planners,Business Operations Specialists,none
730,BUSINESS OPERATIONS SPECIALISTS,Other Business Operations and Management Specialists,Business Operations Specialists,none
800,FINANCIAL SPECIALISTS,Accountants and Auditors,Financial Specialists,none
810,FINANCIAL SPECIALISTS,Appraisers and Assessors of Real Estate,Financial Specialists,none
820,FINANCIAL SPECIALISTS,Budget Analysts,Financial Specialists,none
830,FINANCIAL SPECIALISTS,Credit Analysts,Financial Specialists,none
840,FINANCIAL SPECIALISTS,Financial Analysts,Financial Specialists,none
850,FINANCIAL SPECIALISTS,Personal Financial Advisors,Financial Specialists,none
860,FINANCIAL SPECIALISTS,Insurance Underwriters,Financial Specialists,none
900,FINANCIAL SPECIALISTS,Financial Examiners,Financial Specialists,none
910,FINANCIAL SPECIALISTS,Credit Counselors and Loan Officers,Financial Specialists,none
930,FINANCIAL SPECIALISTS,"Tax Examiners and Collectors, and Revenue Agents",Financial Specialists,none
940,FINANCIAL SPECIALISTS,Tax Preparers,Financial Specialists,none
950,FINANCIAL SPECIALISTS,"Financial Specialists, nec",Financial Specialists,none
1000,COMPUTER AND MATHEMATICAL,Computer Scientists and Systems Analysts/Network systems Analysts/Web Developers,Computer and Mathematical Specialists,none
1010,COMPUTER AND MATHEMATICAL,Computer Programmers,Computer and Mathematical Specialists,none
1020,COMPUTER AND MATHEMATICAL,"Software Developers, Applications and Systems Software",Computer and Mathematical Specialists,none
1050,COMPUTER AND MATHEMATICAL,Computer Support Specialists,Computer and Mathematical Specialists,none
1060,COMPUTER AND MATHEMATICAL,Database Administrators,Computer and Mathematical Specialists,none
1100,COMPUTER AND MATHEMATICAL,Network and Computer Systems Administrators,Computer and Mathematical Specialists,none
1200,COMPUTER AND MATHEMATICAL,Actuaries,Computer and Mathematical Specialists,none
1220,COMPUTER AND MATHEMATICAL,Operations Research Analysts,Computer and Mathematical Specialists,none
1230,COMPUTER AND MATHEMATICAL,Statisticians,Computer and Mathematical Specialists,none
1240,COMPUTER AND MATHEMATICAL,"Mathematical science occupations, nec",Computer and Mathematical Specialists,none
1300,ARCHITECTURE AND ENGINEERING,"Architects, Except Naval",Architecture and Engineers,none
1310,ARCHITECTURE AND ENGINEERING,"Surveyors, Cartographers, and Photogrammetrists",Architecture and Engineers,none
1320,ARCHITECTURE AND ENGINEERING,Aerospace Engineers,Architecture and Engineers,none
1350,ARCHITECTURE AND ENGINEERING,Chemical Engineers,Architecture and Engineers,none
1360,ARCHITECTURE AND ENGINEERING,Civil Engineers,Architecture and Engineers,none
1400,ARCHITECTURE AND ENGINEERING,Computer Hardware Engineers,Architecture and Engineers,none
1410,ARCHITECTURE AND ENGINEERING,Electrical and Electronics Engineers,Architecture and Engineers,none
1420,ARCHITECTURE AND ENGINEERING,Environmental Engineers,Architecture and Engineers,none
1430,ARCHITECTURE AND ENGINEERING,"Industrial Engineers, including Health and Safety",Architecture and Engineers,none
1440,ARCHITECTURE AND ENGINEERING,Marine Engineers and Naval Architects,Architecture and Engineers,none
1450,ARCHITECTURE AND ENGINEERING,Materials Engineers,Architecture and Engineers,none
1460,ARCHITECTURE AND ENGINEERING,Mechanical Engineers,Architecture and Engineers,none
1520,ARCHITECTURE AND ENGINEERING,"Petroleum, mining and geological engineers, including mining safety engineers",Architecture and Engineers,none
1530,ARCHITECTURE AND ENGINEERING,"Engineers, nec",Architecture and Engineers,none
1540,ARCHITECTURE AND ENGINEERING,Drafters,Architecture and Engineers,none
1550,TECHNICIANS,"Engineering Technicians, Except Drafters",Architecture and Engineers,none
1560,TECHNICIANS,Surveying and Mapping Technicians,Architecture and Engineers,none
1600,"LIFE, PHYSICAL, AND SOCIAL SCIENCE",Agricultural and Food Scientists,"Life, Physical, and Social Scientists",none
1610,"LIFE, PHYSICAL, AND SOCIAL SCIENCE",Biological Scientists,"Life, Physical, and Social Scientists",none
1640,"LIFE, PHYSICAL, AND SOCIAL SCIENCE",Conservation Scientists and Foresters,"Life, Physical, and Social Scientists",none
1650,"LIFE, PHYSICAL, AND SOCIAL SCIENCE","Medical Scientists, and Life Scientists, All Other","Life, Physical, and Social Scientists",none
1700,"LIFE, PHYSICAL, AND SOCIAL SCIENCE",Astronomers and Physicists,"Life, Physical, and Social Scientists",none
1710,"LIFE, PHYSICAL, AND SOCIAL SCIENCE",Atmospheric and Space Scientists,"Life, Physical, and Social Scientists",none
1720,"LIFE, PHYSICAL, AND SOCIAL SCIENCE",Chemists and Materials Scientists,"Life, Physical, and Social Scientists",none
1740,"LIFE, PHYSICAL, AND SOCIAL SCIENCE",Environmental Scientists and Geoscientists,"Life, Physical, and Social Scientists",none
1760,"LIFE, PHYSICAL, AND SOCIAL SCIENCE","Physical Scientists, nec","Life, Physical, and Social Scientists",none
1800,"LIFE, PHYSICAL, AND SOCIAL SCIENCE",Economists and market researchers,"Life, Physical, and Social Scientists",none
1820,"LIFE, PHYSICAL, AND SOCIAL SCIENCE",Psychologists,"Life, Physical, and Social Scientists",none
1830,"LIFE, PHYSICAL, AND SOCIAL SCIENCE",Urban and Regional Planners,"Life, Physical, and Social Scientists",none
1840,"LIFE, PHYSICAL, AND SOCIAL SCIENCE","Social Scientists, nec","Life, Physical, and Social Scientists",none
1900,"LIFE, PHYSICAL, AND SOCIAL SCIENCE",Agricultural and Food Science Technicians,"Life, Physical, and Social Scientists",none
1910,"LIFE, PHYSICAL, AND SOCIAL SCIENCE",Biological Technicians,"Life, Physical, and Social Scientists",none
1920,"LIFE, PHYSICAL, AND SOCIAL SCIENCE",Chemical Technicians,"Life, Physical, and Social Scientists",none
1930,"LIFE, PHYSICAL, AND SOCIAL SCIENCE","Geological and Petroleum Technicians, and Nuclear Technicians","Life, Physical, and Social Scientists",none
1960,"LIFE, PHYSICAL, AND SOCIAL SCIENCE","Life, Physical, and Social Science Technicians, nec","Life, Physical, and Social Scientists",none
1980,"LIFE, PHYSICAL, AND SOCIAL SCIENCE","Professional, Research, or Technical Workers, nec","Life, Physical, and Social Scientists",none
2000,COMMUNITY AND SOCIAL SERVICES,Counselors,Counselors,health
2010,COMMUNITY AND SOCIAL SERVICES,Social Workers,Social Workers,health
2020,COMMUNITY AND SOCIAL SERVICES,"Community and Social Service Specialists, nec",Social Workers,health
2040,COMMUNITY AND SOCIAL SERVICES,Clergy,Clergy,health
2050,COMMUNITY AND SOCIAL SERVICES,"Directors, Religious Activities and Education",Clergy,health
2060,COMMUNITY AND SOCIAL SERVICES,"Religious Workers, nec",Clergy,health
2100,LEGAL,"Lawyers, and judges, magistrates, and other judicial workers",Legal Professions,none
2140,LEGAL,Paralegals and Legal Assistants,Legal Professions,none
2150,LEGAL,"Legal Support Workers, nec",Legal Professions,none
2200,"EDUCATION, TRAINING, AND LIBRARY",Postsecondary Teachers,Postsecondary Teachers,developmental
2300,"EDUCATION, TRAINING, AND LIBRARY",Preschool and Kindergarten Teachers,Preschool and Kindergarten Teachers,developmental
2310,"EDUCATION, TRAINING, AND LIBRARY",Elementary and Middle School Teachers,Elementary and Middle School Teachers,developmental
2320,"EDUCATION, TRAINING, AND LIBRARY",Secondary School Teachers,Secondary School Teachers,developmental
2330,"EDUCATION, TRAINING, AND LIBRARY",Special Education Teachers,Special Education Teachers,developmental
2340,"EDUCATION, TRAINING, AND LIBRARY",Other Teachers and Instructors,Other Teachers and Instructors,developmental
2400,"EDUCATION, TRAINING, AND LIBRARY","Archivists, Curators, and Museum Technicians","Archivists, Curators, and Museum Technicians",developmental
2430,"EDUCATION, TRAINING, AND LIBRARY",Librarians,Librarians,developmental
2440,"EDUCATION, TRAINING, AND LIBRARY",Library Technicians,Librarians,developmental
2540,"EDUCATION, TRAINING, AND LIBRARY",Teacher Assistants,Teacher Assistants,developmental
2550,"EDUCATION, TRAINING, AND LIBRARY","Education, Training, and Library Workers, nec",Librarians,developmental
2600,"ARTS, DESIGN, ENTERTAINMENT, SPORTS, AND MEDIA",Artists and Related Workers,Artists/Artistic Performers/Designers,none
2630,"ARTS, DESIGN, ENTERTAINMENT, SPORTS, AND MEDIA",Designers,Artists/Artistic Performers/Designers,none
2700,"ARTS, DESIGN, ENTERTAINMENT, SPORTS, AND MEDIA","Actors, Producers, and Directors",Artists/Artistic Performers/Designers,none
2720,"ARTS, DESIGN, ENTERTAINMENT, SPORTS, AND MEDIA","Athletes, Coaches, Umpires, and Related Workers",Athletic Competition Workers,none
2740,"ARTS, DESIGN, ENTERTAINMENT, SPORTS, AND MEDIA",Dancers and Choreographers,Artists/Artistic Performers/Designers,none
2750,"ARTS, DESIGN, ENTERTAINMENT, SPORTS, AND MEDIA","Musicians, Singers, and Related Workers",Artists/Artistic Performers/Designers,none
2760,"ARTS, DESIGN, ENTERTAINMENT, SPORTS, AND MEDIA","Entertainers and Performers, Sports and Related Workers, All Other",Artists/Artistic Performers/Designers,none
2800,"ARTS, DESIGN, ENTERTAINMENT, SPORTS, AND MEDIA",Announcers,Athletic Competition Workers,none
2810,"ARTS, DESIGN, ENTERTAINMENT, SPORTS, AND MEDIA","Editors, News Analysts, Reporters, and Correspondents",Media,none
2825,"ARTS, DESIGN, ENTERTAINMENT, SPORTS, AND MEDIA",Public Relations Specialists,Media,none
2840,"ARTS, DESIGN, ENTERTAINMENT, SPORTS, AND MEDIA",Technical Writers,Media,none
2850,"ARTS, DESIGN, ENTERTAINMENT, SPORTS, AND MEDIA",Writers and Authors,Media,none
2860,"ARTS, DESIGN, ENTERTAINMENT, SPORTS, AND MEDIA","Media and Communication Workers, nec",Media,none
2900,"ARTS, DESIGN, ENTERTAINMENT, SPORTS, AND MEDIA","Broadcast and Sound Engineering Technicians and Radio Operators, and media and communication equipment workers, all other",Media,none
2910,"ARTS, DESIGN, ENTERTAINMENT, SPORTS, AND MEDIA",Photographers,Editors,none
2920,"ARTS, DESIGN, ENTERTAINMENT, SPORTS, AND MEDIA","Television, Video, and Motion Picture Camera Operators and Editors",Editors,none
3000,HEALTHCARE PRACTITIONERS AND TECHNICAL,Chiropractors,Chiropractors,health
3010,HEALTHCARE PRACTITIONERS AND TECHNICAL,Dentists,Dentists,health
3030,HEALTHCARE PRACTITIONERS AND TECHNICAL,Dieticians and Nutritionists,Dieticians and Nutritionists,health
3040,HEALTHCARE PRACTITIONERS AND TECHNICAL,Optometrists,Optometrists,health
3050,HEALTHCARE PRACTITIONERS AND TECHNICAL,Pharmacists,Pharmacists,health
3060,HEALTHCARE PRACTITIONERS AND TECHNICAL,Physicians and Surgeons,Physicians and Surgeons,health
3110,HEALTHCARE PRACTITIONERS AND TECHNICAL,Physician Assistants,Physician Assistants,health
3120,HEALTHCARE PRACTITIONERS AND TECHNICAL,Podiatrists,Medical Specialists/Therapists,health
3130,HEALTHCARE PRACTITIONERS AND TECHNICAL,Registered Nurses,Registered Nurses,health
3140,HEALTHCARE PRACTITIONERS AND TECHNICAL,Audiologists,Medical Specialists/Therapists,health
3150,HEALTHCARE PRACTITIONERS AND TECHNICAL,Occupational Therapists,Medical Specialists/Therapists,health
3160,HEALTHCARE PRACTITIONERS AND TECHNICAL,Physical Therapists,Medical Specialists/Therapists,health
3200,HEALTHCARE PRACTITIONERS AND TECHNICAL,Radiation Therapists,Medical Specialists/Therapists,health
3210,HEALTHCARE PRACTITIONERS AND TECHNICAL,Recreational Therapists,Medical Specialists/Therapists,health
3220,HEALTHCARE PRACTITIONERS AND TECHNICAL,Respiratory Therapists,Medical Specialists/Therapists,health
3230,HEALTHCARE PRACTITIONERS AND TECHNICAL,Speech Language Pathologists,Medical Specialists/Therapists,health
3240,HEALTHCARE PRACTITIONERS AND TECHNICAL,"Therapists, nec",Medical Specialists/Therapists,health
3250,HEALTHCARE PRACTITIONERS AND TECHNICAL,Veterinarians,Veterinarians,health
3260,HEALTHCARE PRACTITIONERS AND TECHNICAL,"Health Diagnosing and Treating Practitioners, nec","Health Diagnosing and Treating Practitioners, nec",health
3300,HEALTHCARE PRACTITIONERS AND TECHNICAL,Clinical Laboratory Technologists and Technicians,Clinical Laboratory Technologists and Technicians,health
3310,HEALTHCARE PRACTITIONERS AND TECHNICAL,Dental Hygienists,Dental Hygienists,health
3320,HEALTHCARE PRACTITIONERS AND TECHNICAL,Diagnostic Related Technologists and Technicians,Diagnostic Related Technologists and Technicians,health
3400,HEALTHCARE PRACTITIONERS AND TECHNICAL,Emergency Medical Technicians and Paramedics,Emergency Medical Technicians and Paramedics,health
3410,HEALTHCARE PRACTITIONERS AND TECHNICAL,Health Diagnosing and Treating Practitioner Support Technicians,Health Diagnosing and Treating Practitioner Support Technicians,health
3500,HEALTHCARE PRACTITIONERS AND TECHNICAL,Licensed Practical and Licensed Vocational Nurses,Licensed Practical and Licensed Vocational Nurses,health
3510,HEALTHCARE PRACTITIONERS AND TECHNICAL,Medical Records and Health Information Technicians,Medical Records and Health Information Technicians,health
3520,HEALTHCARE PRACTITIONERS AND TECHNICAL,"Opticians, Dispensing","Opticians, Dispensing",health
3530,HEALTHCARE PRACTITIONERS AND TECHNICAL,"Health Technologists and Technicians, nec","Health Technologists and Technicians, nec",health
3540,HEALTHCARE PRACTITIONERS AND TECHNICAL,"Healthcare Practitioners and Technical Occupations, nec","Healthcare Practitioners and Technical Occupations, nec",health
3600,HEALTHCARE SUPPORT,"Nursing, Psychiatric, and Home Health Aides","Nursing, Psychiatric, and Home Health Aides",health
3610,HEALTHCARE SUPPORT,Occupational Therapy Assistants and Aides,Occupational Therapy Assistants and Aides,health
3620,HEALTHCARE SUPPORT,Physical Therapist Assistants and Aides,Physical Therapist Assistants and Aides,health
3630,HEALTHCARE SUPPORT,Massage Therapists,Massage Therapists,health
3640,HEALTHCARE SUPPORT,Dental Assistants,Dental Assistants,health
3650,HEALTHCARE SUPPORT,"Medical Assistants and Other Healthcare Support Occupations, nec","Nursing, Psychiatric, and Home Health Aides",health
3700,PROTECTIVE SERVICE,First-Line Supervisors of Correctional Officers,Protective Services,none
3710,PROTECTIVE SERVICE,First-Line Supervisors of Police and Detectives,Protective Services,none
3720,PROTECTIVE SERVICE,First-Line Supervisors of Fire Fighting and Prevention Workers,Protective Services,none
3730,PROTECTIVE SERVICE,"Supervisors, Protective Service Workers, All Other",Protective Services,none
3740,PROTECTIVE SERVICE,Firefighters,Firefighters,none
3750,PROTECTIVE SERVICE,Fire Inspectors,Firefighters,none
3800,PROTECTIVE SERVICE,"Sheriffs, Bailiffs, Correctional Officers, and Jailers",Police Officers and Detectives,none
3820,PROTECTIVE SERVICE,Police Officers and Detectives,Police Officers and Detectives,none
3900,PROTECTIVE SERVICE,Animal Control,Protective Services,none
3910,PROTECTIVE SERVICE,Private Detectives and Investigators,Protective Services,none
3930,PROTECTIVE SERVICE,Security Guards and Gaming Surveillance Officers,Protective Services,none
3940,PROTECTIVE SERVICE,Crossing Guards,Protective Services,none
3950,PROTECTIVE SERVICE,"Law enforcement workers, nec",Protective Services,none
4000,FOOD PREPARATION AND SERVING,Chefs and Cooks,Cooks/Chefs,daily_living
4010,FOOD PREPARATION AND SERVING,First-Line Supervisors of Food Preparation and Serving Workers,Food Preparation Workers,daily_living
4030,FOOD PREPARATION AND SERVING,Food Preparation Workers,Food Preparation Workers,daily_living
4040,FOOD PREPARATION AND SERVING,Bartenders,Bartenders,daily_living
4050,FOOD PREPARATION AND SERVING,"Combined Food Preparation and Serving Workers, Including Fast Food",Food Preparation Workers,daily_living
4060,FOOD PREPARATION AND SERVING,"Counter Attendant, Cafeteria, Food Concession, and Coffee Shop",Food Preparation Workers,daily_living
4110,FOOD PREPARATION AND SERVING,Waiters and Waitresses,Waiters and Waitresses,daily_living
4120,FOOD PREPARATION AND SERVING,"Food Servers, Nonrestaurant",Waiters and Waitresses,daily_living
4130,FOOD PREPARATION AND SERVING,"Food preparation and serving related workers, nec",Food Preparation Workers,daily_living
4140,FOOD PREPARATION AND SERVING,Dishwashers,Dishwashers,daily_living
4150,FOOD PREPARATION AND SERVING,"Host and Hostesses, Restaurant, Lounge, and Coffee Shop",Waiters and Waitresses,daily_living
4200,BUILDING AND GROUNDS CLEANING AND MAINTENANCE,First-Line Supervisors of Housekeeping and Janitorial Workers,"Housekeeping, Janitors, and Groundskeepers",daily_living
4210,BUILDING AND GROUNDS CLEANING AND MAINTENANCE,"First-Line Supervisors of Landscaping, Lawn Service, and Groundskeeping Workers","Housekeeping, Janitors, and Groundskeepers",daily_living
4220,BUILDING AND GROUNDS CLEANING AND MAINTENANCE,Janitors and Building Cleaners,"Housekeeping, Janitors, and Groundskeepers",daily_living
4230,BUILDING AND GROUNDS CLEANING AND MAINTENANCE,Maids and Housekeeping Cleaners,"Housekeeping, Janitors, and Groundskeepers",daily_living
4240,BUILDING AND GROUNDS CLEANING AND MAINTENANCE,Pest Control Workers,"Housekeeping, Janitors, and Groundskeepers",daily_living
4250,BUILDING AND GROUNDS CLEANING AND MAINTENANCE,Grounds Maintenance Workers,"Housekeeping, Janitors, and Groundskeepers",daily_living
4300,PERSONAL CARE AND SERVICE,First-Line Supervisors of Gaming Workers,Gaming/Entertainment Workers,none
4320,PERSONAL CARE AND SERVICE,First-Line Supervisors of Personal Service Workers,Gaming/Entertainment Workers,none
4340,PERSONAL CARE AND SERVICE,Animal Trainers,Animal Caretakers,none
4350,PERSONAL CARE AND SERVICE,Nonfarm Animal Caretakers,Animal Caretakers,none
4400,PERSONAL CARE AND SERVICE,Gaming Services Workers,Gaming/Entertainment Workers,none
4420,PERSONAL CARE AND SERVICE,"Ushers, Lobby Attendants, and Ticket Takers",Gaming/Entertainment Workers,none
4430,PERSONAL CARE AND SERVICE,"Entertainment Attendants and Related Workers, nec",Gaming/Entertainment Workers,none
4460,PERSONAL CARE AND SERVICE,Funeral Service Workers and Embalmers,Funeral Service Workers and Embalmers,none
4500,PERSONAL CARE AND SERVICE,Barbers,"Hairdressers, Hairstylists, and Cosmetologists",daily_living
4510,PERSONAL CARE AND SERVICE,"Hairdressers, Hairstylists, and Cosmetologists","Hairdressers, Hairstylists, and Cosmetologists",daily_living
4520,PERSONAL CARE AND SERVICE,"Personal Appearance Workers, nec","Hairdressers, Hairstylists, and Cosmetologists",daily_living
4530,PERSONAL CARE AND SERVICE,"Baggage Porters, Bellhops, and Concierges",Concierge Services,none
4540,PERSONAL CARE AND SERVICE,Tour and Travel Guides,Concierge Services,none
4600,PERSONAL CARE AND SERVICE,Childcare Workers,Childcare Workers,developmental
4610,PERSONAL CARE AND SERVICE,Personal Care Aides,Personal Care Aides,daily_living
4620,PERSONAL CARE AND SERVICE,Recreation and Fitness Workers,Recreation and Fitness Workers,none
4640,PERSONAL CARE AND SERVICE,Residential Advisors,Residential Advisors,none
4650,PERSONAL CARE AND SERVICE,"Personal Care and Service Workers, All Other",Concierge Services,daily_living
4700,SALES AND RELATED,First-Line Supervisors of Sales Workers,Sales and Cashiers,none
4720,SALES AND RELATED,Cashiers,Sales and Cashiers,none
4740,SALES AND RELATED,Counter and Rental Clerks,Sales and Cashiers,none
4750,SALES AND RELATED,Parts Salespersons,Sales and Cashiers,none
4760,SALES AND RELATED,Retail Salespersons,Sales and Cashiers,none
4800,SALES AND RELATED,Advertising Sales Agents,Sales and Cashiers,none
4810,SALES AND RELATED,Insurance Sales Agents,Sales and Cashiers,none
4820,SALES AND RELATED,"Securities, Commodities, and Financial Services Sales Agents",Sales and Cashiers,none
4830,SALES AND RELATED,Travel Agents,Sales and Cashiers,none
4840,SALES AND RELATED,"Sales Representatives, Services, All Other",Sales and Cashiers,none
4850,SALES AND RELATED,"Sales Representatives, Wholesale and Manufacturing",Sales and Cashiers,none
4900,SALES AND RELATED,"Models, Demonstrators, and Product Promoters",Sales and Cashiers,none
4920,SALES AND RELATED,Real Estate Brokers and Sales Agents,Sales and Cashiers,none
4930,SALES AND RELATED,Sales Engineers,Sales and Cashiers,none
4940,SALES AND RELATED,Telemarketers,Sales and Cashiers,none
4950,SALES AND RELATED,"Door-to-Door Sales Workers, News and Street Vendors, and Related Workers",Sales and Cashiers,none
4965,SALES AND RELATED,"Sales and Related Workers, All Other",Sales and Cashiers,none
5000,OFFICE AND ADMINISTRATIVE SUPPORT,First-Line Supervisors of Office and Administrative Support Workers,Office and Administrative Support Workers,none
5010,OFFICE AND ADMINISTRATIVE SUPPORT,"Switchboard Operators, Including Answering Service",Office and Administrative Support Workers,none
5020,OFFICE AND ADMINISTRATIVE SUPPORT,Telephone Operators,Office and Administrative Support Workers,none
5030,OFFICE AND ADMINISTRATIVE SUPPORT,"Communications Equipment Operators, All Other",Office and Administrative Support Workers,none
5100,OFFICE AND ADMINISTRATIVE SUPPORT,Bill and Account Collectors,Office and Administrative Support Workers,none
5110,OFFICE AND ADMINISTRATIVE SUPPORT,Billing and Posting Clerks,Office and Administrative Support Workers,none
5120,OFFICE AND ADMINISTRATIVE SUPPORT,"Bookkeeping, Accounting, and Auditing Clerks",Office and Administrative Support Workers,none
5130,OFFICE AND ADMINISTRATIVE SUPPORT,Gaming Cage Workers,Office and Administrative Support Workers,none
5140,OFFICE AND ADMINISTRATIVE SUPPORT,Payroll and Timekeeping Clerks,Office and Administrative Support Workers,none
5150,OFFICE AND ADMINISTRATIVE SUPPORT,Procurement Clerks,Office and Administrative Support Workers,none
5160,OFFICE AND ADMINISTRATIVE SUPPORT,Bank Tellers,Office and Administrative Support Workers,none
5165,OFFICE AND ADMINISTRATIVE SUPPORT,"Financial Clerks, nec",Office and Administrative Support Workers,none
5200,OFFICE AND ADMINISTRATIVE SUPPORT,Brokerage Clerks,Office and Administrative Support Workers,none
5220,OFFICE AND ADMINISTRATIVE SUPPORT,"Court, Municipal, and License Clerks",Office and Administrative Support Workers,none
5230,OFFICE AND ADMINISTRATIVE SUPPORT,"Credit Authorizers, Checkers, and Clerks",Office and Administrative Support Workers,none
5240,OFFICE AND ADMINISTRATIVE SUPPORT,Customer Service Representatives,Office and Administrative Support Workers,none
5250,OFFICE AND ADMINISTRATIVE SUPPORT,"Eligibility Interviewers, Government Programs",Office and Administrative Support Workers,none
5260,OFFICE AND ADMINISTRATIVE SUPPORT,File Clerks,Office and Administrative Support Workers,none
5300,OFFICE AND ADMINISTRATIVE SUPPORT,"Hotel, Motel, and Resort Desk Clerks",Office and Administrative Support Workers,none
5310,OFFICE AND ADMINISTRATIVE SUPPORT,"Interviewers, Except Eligibility and Loan",Office and Administrative Support Workers,none
5320,OFFICE AND ADMINISTRATIVE SUPPORT,"Library Assistants, Clerical",Office and Administrative Support Workers,none
5330,OFFICE AND ADMINISTRATIVE SUPPORT,Loan Interviewers and Clerks,Office and Administrative Support Workers,none
5340,OFFICE AND ADMINISTRATIVE SUPPORT,New Account Clerks,Office and Administrative Support Workers,none
5350,OFFICE AND ADMINISTRATIVE SUPPORT,Correspondent clerks and order clerks,Office and Administrative Support Workers,none
5360,OFFICE AND ADMINISTRATIVE SUPPORT,"Human Resources Assistants, Except Payroll and Timekeeping",Office and Administrative Support Workers,none
5400,OFFICE AND ADMINISTRATIVE SUPPORT,Receptionists and Information Clerks,Office and Administrative Support Workers,none
5410,OFFICE AND ADMINISTRATIVE SUPPORT,Reservation and Transportation Ticket Agents and Travel Clerks,Office and Administrative Support Workers,none
5420,OFFICE AND ADMINISTRATIVE SUPPORT,"Information and Record Clerks, All Other",Office and Administrative Support Workers,none
5500,OFFICE AND ADMINISTRATIVE SUPPORT,Cargo and Freight Agents,Office and Administrative Support Workers,none
5510,OFFICE AND ADMINISTRATIVE SUPPORT,Couriers and Messengers,Office and Administrative Support Workers,none
5520,OFFICE AND ADMINISTRATIVE SUPPORT,Dispatchers,Office and Administrative Support Workers,none
5530,OFFICE AND ADMINISTRATIVE SUPPORT,"Meter Readers, Utilities",Office and Administrative Support Workers,none
5540,OFFICE AND ADMINISTRATIVE SUPPORT,Postal Service Clerks,Post Workers,none
5550,OFFICE AND ADMINISTRATIVE SUPPORT,Postal Service Mail Carriers,Post Workers,none
5560,OFFICE AND ADMINISTRATIVE SUPPORT,"Postal Service Mail Sorters, Processors, and Processing Machine Operators",Post Workers,none
5600,OFFICE AND ADMINISTRATIVE SUPPORT,"Production, Planning, and Expediting Clerks",Post Workers,none
5610,OFFICE AND ADMINISTRATIVE SUPPORT,"Shipping, Receiving, and Traffic Clerks",Post Workers,none
5620,OFFICE AND ADMINISTRATIVE SUPPORT,Stock Clerks and Order Fillers,Office and Administrative Support Workers,none
5630,OFFICE AND ADMINISTRATIVE SUPPORT,"Weighers, Measurers, Checkers, and Samplers, Recordkeeping",Office and Administrative Support Workers,none
5700,OFFICE AND ADMINISTRATIVE SUPPORT,Secretaries and Administrative Assistants,Office and Administrative Support Workers,none
5800,OFFICE AND ADMINISTRATIVE SUPPORT,Computer Operators,Office and Administrative Support Workers,none
5810,OFFICE AND ADMINISTRATIVE SUPPORT,Data Entry Keyers,Office and Administrative Support Workers,none
5820,OFFICE AND ADMINISTRATIVE SUPPORT,Word Processors and Typists,Office and Administrative Support Workers,none
5840,OFFICE AND ADMINISTRATIVE SUPPORT,Insurance Claims and Policy Processing Clerks,Office and Administrative Support Workers,none
5850,OFFICE AND ADMINISTRATIVE SUPPORT,"Mail Clerks and Mail Machine Operators, Except Postal Service",Office and Administrative Support Workers,none
5860,OFFICE AND ADMINISTRATIVE SUPPORT,"Office Clerks, General",Office and Administrative Support Workers,none
5900,OFFICE AND ADMINISTRATIVE SUPPORT,"Office Machine Operators, Except Computer",Office and Administrative Support Workers,none
5910,OFFICE AND ADMINISTRATIVE SUPPORT,Proofreaders and Copy Markers,Office and Administrative Support Workers,none
5920,OFFICE AND ADMINISTRATIVE SUPPORT,Statistical Assistants,Office and Administrative Support Workers,none
5940,OFFICE AND ADMINISTRATIVE SUPPORT,"Office and administrative support workers, nec",Office and Administrative Support Workers,none
6005,"FARMING, FISHING, AND FORESTRY","First-Line Supervisors of Farming, Fishing, and Forestry Workers","Farming, Fishing, and Forestry",none
6010,"FARMING, FISHING, AND FORESTRY",Agricultural Inspectors,"Farming, Fishing, and Forestry",none
6040,"FARMING, FISHING, AND FORESTRY","Graders and Sorters, Agricultural Products","Farming, Fishing, and Forestry",none
6050,"FARMING, FISHING, AND FORESTRY","Agricultural workers, nec","Farming, Fishing, and Forestry",none
6100,"FARMING, FISHING, AND FORESTRY",Fishing and hunting workers,"Farming, Fishing, and Forestry",none
6120,"FARMING, FISHING, AND FORESTRY",Forest and Conservation Workers,"Farming, Fishing, and Forestry",none
6130,"FARMING, FISHING, AND FORESTRY",Logging Workers,"Farming, Fishing, and Forestry",none
6200,CONSTRUCTION,First-Line Supervisors of Construction Trades and Extraction Workers,Construction,none
6210,CONSTRUCTION,Boilermakers,Construction,none
6220,CONSTRUCTION,"Brickmasons, Blockmasons, and Stonemasons",Construction,none
6230,CONSTRUCTION,Carpenters,Construction,none
6240,CONSTRUCTION,"Carpet, Floor, and Tile Installers and Finishers",Construction,none
6250,CONSTRUCTION,"Cement Masons, Concrete Finishers, and Terrazzo Workers",Construction,none
6260,CONSTRUCTION,Construction Laborers,Construction,none
6300,CONSTRUCTION,"Paving, Surfacing, and Tamping Equipment Operators",Construction,none
6320,CONSTRUCTION,"Construction equipment operators except paving, surfacing, and tamping equipment operators",Construction,none
6330,CONSTRUCTION,"Drywall Installers, Ceiling Tile Installers, and Tapers",Construction,none
6355,CONSTRUCTION,Electricians,Construction,none
6360,CONSTRUCTION,Glaziers,Construction,none
6400,CONSTRUCTION,Insulation Workers,Construction,none
6420,CONSTRUCTION,"Painters, Construction and Maintenance",Construction,none
6430,CONSTRUCTION,Paperhangers,Construction,none
6440,CONSTRUCTION,"Pipelayers, Plumbers, Pipefitters, and Steamfitters",Construction,none
6460,CONSTRUCTION,Plasterers and Stucco Masons,Construction,none
6500,CONSTRUCTION,Reinforcing Iron and Rebar Workers,Construction,none
6515,CONSTRUCTION,Roofers,Construction,none
6520,CONSTRUCTION,"Sheet Metal Workers, metal-working",Construction,none
6530,CONSTRUCTION,Structural Iron and Steel Workers,Construction,none
6600,CONSTRUCTION,"Helpers, Construction Trades",Construction,none
6660,CONSTRUCTION,Construction and Building Inspectors,Construction,none
6700,CONSTRUCTION,Elevator Installers and Repairers,Construction,none
6710,CONSTRUCTION,Fence Erectors,Construction,none
6720,CONSTRUCTION,Hazardous Materials Removal Workers,Construction,none
6730,CONSTRUCTION,Highway Maintenance Workers,Construction,none
6740,CONSTRUCTION,Rail-Track Laying and Maintenance Equipment Operators,Construction,none
6765,CONSTRUCTION,"Construction workers, nec",Construction,none
6800,EXTRACTION,"Derrick, rotary drill, and service unit operators, and roustabouts, oil, gas, and mining",Extraction,none
6820,EXTRACTION,"Earth Drillers, Except Oil and Gas",Extraction,none
6830,EXTRACTION,"Explosives Workers, Ordnance Handling Experts, and Blasters",Extraction,none
6840,EXTRACTION,Mining Machine Operators,Extraction,none
6940,EXTRACTION,"Extraction workers, nec",Extraction,none
7000,"INSTALLATION, MAINTENANCE, AND REPAIR","First-Line Supervisors of Mechanics, Installers, and Repairers",Maintenance and Repair,none
7010,"INSTALLATION, MAINTENANCE, AND REPAIR","Computer, Automated Teller, and Office Machine Repairers",Maintenance and Repair,none
7020,"INSTALLATION, MAINTENANCE, AND REPAIR",Radio and Telecommunications Equipment Installers and Repairers,Maintenance and Repair,none
7030,"INSTALLATION, MAINTENANCE, AND REPAIR",Avionics Technicians,Maintenance and Repair,none
7040,"INSTALLATION, MAINTENANCE, AND REPAIR","Electric Motor, Power Tool, and Related Repairers",Maintenance and Repair,none
7100,"INSTALLATION, MAINTENANCE, AND REPAIR","Electrical and electronics installers and repairers, transportation equipment, and industrial and utility",Maintenance and Repair,none
7110,"INSTALLATION, MAINTENANCE, AND REPAIR","Electronic Equipment Installers and Repairers, Motor Vehicles",Maintenance and Repair,none
7120,"INSTALLATION, MAINTENANCE, AND REPAIR",Electronic Home Entertainment Equipment Installers and Repairers,Maintenance and Repair,none
7125,"INSTALLATION, MAINTENANCE, AND REPAIR","Electronic Repairs, nec",Maintenance and Repair,none
7130,"INSTALLATION, MAINTENANCE, AND REPAIR",Security and Fire Alarm Systems Installers,Maintenance and Repair,none
7140,"INSTALLATION, MAINTENANCE, AND REPAIR",Aircraft Mechanics and Service Technicians,Maintenance and Repair,none
7150,"INSTALLATION, MAINTENANCE, AND REPAIR",Automotive Body and Related Repairers,Maintenance and Repair,none
7160,"INSTALLATION, MAINTENANCE, AND REPAIR",Automotive Glass Installers and Repairers,Maintenance and Repair,none
7200,"INSTALLATION, MAINTENANCE, AND REPAIR",Automotive Service Technicians and Mechanics,Maintenance and Repair,none
7210,"INSTALLATION, MAINTENANCE, AND REPAIR",Bus and Truck Mechanics and Diesel Engine Specialists,Maintenance and Repair,none
7220,"INSTALLATION, MAINTENANCE, AND REPAIR",Heavy Vehicle and Mobile Equipment Service Technicians and Mechanics,Maintenance and Repair,none
7240,"INSTALLATION, MAINTENANCE, AND REPAIR",Small Engine Mechanics,Maintenance and Repair,none
7260,"INSTALLATION, MAINTENANCE, AND REPAIR","Vehicle and Mobile Equipment Mechanics, Installers, and Repairers, nec",Maintenance and Repair,none
7300,"INSTALLATION, MAINTENANCE, AND REPAIR",Control and Valve Installers and Repairers,Maintenance and Repair,none
7315,"INSTALLATION, MAINTENANCE, AND REPAIR","Heating, Air Conditioning, and Refrigeration Mechanics and Installers",Maintenance and Repair,none
7320,"INSTALLATION, MAINTENANCE, AND REPAIR",Home Appliance Repairers,Maintenance and Repair,none
7330,"INSTALLATION, MAINTENANCE, AND REPAIR",Industrial and Refractory Machinery Mechanics,Maintenance and Repair,none
7340,"INSTALLATION, MAINTENANCE, AND REPAIR","Maintenance and Repair Workers, General",Maintenance and Repair,none
7350,"INSTALLATION, MAINTENANCE, AND REPAIR","Maintenance Workers, Machinery",Maintenance and Repair,none
7360,"INSTALLATION, MAINTENANCE, AND REPAIR",Millwrights,Maintenance and Repair,none
7410,"INSTALLATION, MAINTENANCE, AND REPAIR",Electrical Power-Line Installers and Repairers,Maintenance and Repair,none
7420,"INSTALLATION, MAINTENANCE, AND REPAIR",Telecommunications Line Installers and Repairers,Maintenance and Repair,none
7430,"INSTALLATION, MAINTENANCE, AND REPAIR",Precision Instrument and Equipment Repairers,Maintenance and Repair,none
7510,"INSTALLATION, MAINTENANCE, AND REPAIR","Coin, Vending, and Amusement Machine Servicers and Repairers",Maintenance and Repair,none
7540,"INSTALLATION, MAINTENANCE, AND REPAIR",Locksmiths and Safe Repairers,Maintenance and Repair,none
7550,"INSTALLATION, MAINTENANCE, AND REPAIR",Manufactured Building and Mobile Home Installers,Maintenance and Repair,none
7560,"INSTALLATION, MAINTENANCE, AND REPAIR",Riggers,Maintenance and Repair,none
7610,"INSTALLATION, MAINTENANCE, AND REPAIR","Helpers--Installation, Maintenance, and Repair Workers",Maintenance and Repair,none
7630,"INSTALLATION, MAINTENANCE, AND REPAIR","Other Installation, Maintenance, and Repair Workers Including Wind Turbine Service Technicians, and Commercial Divers, and Signal and Track Switch Repairers",Maintenance and Repair,none
7700,PRODUCTION,First-Line Supervisors of Production and Operating Workers,Maintenance and Repair,none
7710,PRODUCTION,"Aircraft Structure, Surfaces, Rigging, and Systems Assemblers",Maintenance and Repair,none
7720,PRODUCTION,"Electrical, Electronics, and Electromechanical Assemblers",Maintenance and Repair,none
7730,PRODUCTION,Engine and Other Machine Assemblers,Maintenance and Repair,none
7740,PRODUCTION,Structural Metal Fabricators and Fitters,Maintenance and Repair,none
7750,PRODUCTION,"Assemblers and Fabricators, nec",Maintenance and Repair,none
7800,PRODUCTION,Bakers,Maintenance and Repair,none
7810,PRODUCTION,"Butchers and Other Meat, Poultry, and Fish Processing Workers",Maintenance and Repair,none
7830,PRODUCTION,"Food and Tobacco Roasting, Baking, and Drying Machine Operators and Tenders",Maintenance and Repair,none
7840,PRODUCTION,Food Batchmakers,Maintenance and Repair,none
7850,PRODUCTION,Food Cooking Machine Operators and Tenders,Maintenance and Repair,none
7855,PRODUCTION,"Food Processing, nec",Maintenance and Repair,none
7900,PRODUCTION,Computer Control Programmers and Operators,Maintenance and Repair,none
7920,PRODUCTION,"Extruding and Drawing Machine Setters, Operators, and Tenders, Metal and Plastic",Maintenance and Repair,none
7930,PRODUCTION,"Forging Machine Setters, Operators, and Tenders, Metal and Plastic",Maintenance and Repair,none
7940,PRODUCTION,"Rolling Machine Setters, Operators, and Tenders, metal and Plastic",Maintenance and Repair,none
7950,PRODUCTION,"Cutting, Punching, and Press Machine Setters, Operators, and Tenders, Metal and Plastic",Maintenance and Repair,none
7960,PRODUCTION,"Drilling and Boring Machine Tool Setters, Operators, and Tenders, Metal and Plastic",Maintenance and Repair,none
8000,PRODUCTION,"Grinding, Lapping, Polishing, and Buffing Machine Tool Setters, Operators, and Tenders, Metal and Plastic",Maintenance and Repair,none
8010,PRODUCTION,"Lathe and Turning Machine Tool Setters, Operators, and Tenders, Metal and Plastic",Maintenance and Repair,none
8030,PRODUCTION,Machinists,Maintenance and Repair,none
8040,PRODUCTION,"Metal Furnace Operators, Tenders, Pourers, and Casters",Maintenance and Repair,none
8060,PRODUCTION,"Model Makers and Patternmakers, Metal and Plastic",Maintenance and Repair,none
8100,PRODUCTION,"Molders and Molding Machine Setters, Operators, and Tenders, Metal and Plastic",Maintenance and Repair,none
8130,PRODUCTION,Tool and Die Makers,Maintenance and Repair,none
8140,PRODUCTION,"Welding, Soldering, and Brazing Workers",Maintenance and Repair,none
8150,PRODUCTION,"Heat Treating Equipment Setters, Operators, and Tenders, Metal and Plastic",Maintenance and Repair,none
8200,PRODUCTION,"Plating and Coating Machine Setters, Operators, and Tenders, Metal and Plastic",Maintenance and Repair,none
8210,PRODUCTION,"Tool Grinders, Filers, and Sharpeners",Maintenance and Repair,none
8220,PRODUCTION,"Metal workers and plastic workers, nec",Maintenance and Repair,none
8230,PRODUCTION,"Bookbinders, Printing Machine Operators, and Job Printers",Maintenance and Repair,none
8250,PRODUCTION,Prepress Technicians and Workers,Maintenance and Repair,none
8300,PRODUCTION,Laundry and Dry-Cleaning Workers,Maintenance and Repair,none
8310,PRODUCTION,"Pressers, Textile, Garment, and Related Materials",Maintenance and Repair,none
8320,PRODUCTION,Sewing Machine Operators,Maintenance and Repair,none
8330,PRODUCTION,Shoe and Leather Workers and Repairers,Maintenance and Repair,none
8340,PRODUCTION,Shoe Machine Operators and Tenders,Maintenance and Repair,none
8350,PRODUCTION,"Tailors, Dressmakers, and Sewers",Maintenance and Repair,none
8400,PRODUCTION,"Textile bleaching and dyeing, and cutting machine setters, operators, and tenders",Maintenance and Repair,none
8410,PRODUCTION,"Textile Knitting and Weaving Machine Setters, Operators, and Tenders",Maintenance and Repair,none
8420,PRODUCTION,"Textile Winding, Twisting, and Drawing Out Machine Setters, Operators, and Tenders",Maintenance and Repair,none
8450,PRODUCTION,Upholsterers,Maintenance and Repair,none
8460,PRODUCTION,"Textile, Apparel, and Furnishings workers, nec",Maintenance and Repair,none
8500,PRODUCTION,Cabinetmakers and Bench Carpenters,Maintenance and Repair,none
8510,PRODUCTION,Furniture Finishers,Maintenance and Repair,none
8530,PRODUCTION,"Sawing Machine Setters, Operators, and Tenders, Wood",Maintenance and Repair,none
8540,PRODUCTION,"Woodworking Machine Setters, Operators, and Tenders, Except Sawing",Maintenance and Repair,none
8550,PRODUCTION,"Woodworkers including model makers and patternmakers, nec",Maintenance and Repair,none
8600,PRODUCTION,"Power Plant Operators, Distributors, and Dispatchers",Maintenance and Repair,none
8610,PRODUCTION,Stationary Engineers and Boiler Operators,Maintenance and Repair,none
8620,PRODUCTION,Water Wastewater Treatment Plant and System Operators,Maintenance and Repair,none
8630,PRODUCTION,"Plant and System Operators, nec",Maintenance and Repair,none
8640,PRODUCTION,"Chemical Processing Machine Setters, Operators, and Tenders",Maintenance and Repair,none
8650,PRODUCTION,"Crushing, Grinding, Polishing, Mixing, and Blending Workers",Maintenance and Repair,none
8710,PRODUCTION,Cutting Workers,Maintenance and Repair,none
8720,PRODUCTION,"Extruding, Forming, Pressing, and Compacting Machine Setters, Operators, and Tenders",Maintenance and Repair,none
8730,PRODUCTION,"Furnace, Kiln, Oven, Drier, and Kettle Operators and Tenders",Maintenance and Repair,none
8740,PRODUCTION,"Inspectors, Testers, Sorters, Samplers, and Weighers",Maintenance and Repair,none
8750,PRODUCTION,Jewelers and Precious Stone and Metal Workers,Maintenance and Repair,none
8760,PRODUCTION,"Medical, Dental, and Ophthalmic Laboratory Technicians",Maintenance and Repair,none
8800,PRODUCTION,Packaging and Filling Machine Operators and Tenders,Maintenance and Repair,none
8810,PRODUCTION,Painting Workers and Dyers,Maintenance and Repair,none
8830,PRODUCTION,Photographic Process Workers and Processing Machine Operators,Maintenance and Repair,none
8850,PRODUCTION,Adhesive Bonding Machine Operators and Tenders,Maintenance and Repair,none
8860,PRODUCTION,"Cleaning, Washing, and Metal Pickling Equipment Operators and Tenders",Maintenance and Repair,none
8910,PRODUCTION,"Etchers, Engravers, and Lithographers",Maintenance and Repair,none
8920,PRODUCTION,"Molders, Shapers, and Casters, Except Metal and Plastic",Maintenance and Repair,none
8930,PRODUCTION,"Paper Goods Machine Setters, Operators, and Tenders",Maintenance and Repair,none
8940,PRODUCTION,Tire Builders,Maintenance and Repair,none
8950,PRODUCTION,Helpers--Production Workers,Maintenance and Repair,none
8965,PRODUCTION,Other production workers including semiconductor processors and cooling and freezing equipment operators,Maintenance and Repair,none
9000,TRANSPORTATION AND MATERIAL MOVING,Supervisors of Transportation and Material Moving Workers,Transportation,none
9030,TRANSPORTATION AND MATERIAL MOVING,Aircraft Pilots and Flight Engineers,Transportation,none
9040,TRANSPORTATION AND MATERIAL MOVING,Air Traffic Controllers and Airfield Operations Specialists,Transportation,none
9050,TRANSPORTATION AND MATERIAL MOVING,Flight Attendants and Transportation Workers and Attendants,Transportation,none
9100,TRANSPORTATION AND MATERIAL MOVING,Bus and Ambulance Drivers and Attendants,Transportation,none
9130,TRANSPORTATION AND MATERIAL MOVING,Driver/Sales Workers and Truck Drivers,Transportation,none
9140,TRANSPORTATION AND MATERIAL MOVING,Taxi Drivers and Chauffeurs,Transportation,none
9150,TRANSPORTATION AND MATERIAL MOVING,"Motor Vehicle Operators, All Other",Transportation,none
9200,TRANSPORTATION AND MATERIAL MOVING,Locomotive Engineers and Operators,Transportation,none
9230,TRANSPORTATION AND MATERIAL MOVING,"Railroad Brake, Signal, and Switch Operators",Transportation,none
9240,TRANSPORTATION AND MATERIAL MOVING,Railroad Conductors and Yardmasters,Transportation,none
9260,TRANSPORTATION AND MATERIAL MOVING,"Subway, Streetcar, and Other Rail Transportation Workers",Transportation,none
9300,TRANSPORTATION AND MATERIAL MOVING,"Sailors and marine oilers, and ship engineers",Transportation,none
9310,TRANSPORTATION AND MATERIAL MOVING,Ship and Boat Captains and Operators,Transportation,none
9350,TRANSPORTATION AND MATERIAL MOVING,Parking Lot Attendants,Transportation,none
9360,TRANSPORTATION AND MATERIAL MOVING,Automotive and Watercraft Service Attendants,Transportation,none
9410,TRANSPORTATION AND MATERIAL MOVING,Transportation Inspectors,Transportation,none
9420,TRANSPORTATION AND MATERIAL MOVING,"Transportation workers, nec",Transportation,none
9510,TRANSPORTATION AND MATERIAL MOVING,Crane and Tower Operators,Transportation,none
9520,TRANSPORTATION AND MATERIAL MOVING,"Dredge, Excavating, and Loading Machine Operators",Transportation,none
9560,TRANSPORTATION AND MATERIAL MOVING,"Conveyor operators and tenders, and hoist and winch operators",Transportation,none
9600,TRANSPORTATION AND MATERIAL MOVING,Industrial Truck and Tractor Operators,Transportation,none
9610,TRANSPORTATION AND MATERIAL MOVING,Cleaners of Vehicles and Equipment,Transportation,none
9620,TRANSPORTATION AND MATERIAL MOVING,"Laborers and Freight, Stock, and Material Movers, Hand",Transportation,none
9630,TRANSPORTATION AND MATERIAL MOVING,Machine Feeders and Offbearers,Transportation,none
9640,TRANSPORTATION AND MATERIAL MOVING,"Packers and Packagers, Hand",Transportation,none
9650,TRANSPORTATION AND MATERIAL MOVING,Pumping Station Operators,Transportation,none
9720,TRANSPORTATION AND MATERIAL MOVING,Refuse and Recyclable Material Collectors,Transportation,none
9750,TRANSPORTATION AND MATERIAL MOVING,"Material moving workers, nec",Transportation,none
9800,MILITARY SPECIFIC,Military Officer Special and Tactical Operations Leaders,Military,none
9810,MILITARY SPECIFIC,First-Line Enlisted Military Supervisors,Military,none
9820,MILITARY SPECIFIC,Military Enlisted Tactical Operations and Air/Weapons Specialists and Crew Members,Military,none
9830,MILITARY SPECIFIC,"Military, Rank Not Specified",Military,none
9999,NOT IN UNIVERSE (UNEMPLOYED OR NEVER WORKED),NIU,NULL,none
