"geo_level","category_id","subcategory_id","population"
"state01","gender","male",1826657.89
"state02","gender","male",283252.25
"state04","gender","male",2699222.14
"state05","gender","male",1112921.82
"state06","gender","male",14937527.72
"state08","gender","male",2389951.26
"state09","gender","male",1414486.94
"state10","gender","male",391363.37
"state11","gender","male",256003.8
"state12","gender","male",8901906.68
"state13","gender","male",4119553.96
"state15","gender","male",550756.58
"state16","gender","male",750256.84
"state17","gender","male",4912784.61
"state18","gender","male",2602278.07
"state19","gender","male",1237690.17
"state20","gender","male",1089067.18
"state21","gender","male",1664492.62
"state22","gender","male",1638175.09
"state23","gender","male",567823.07
"state24","gender","male",2388430.79
"state25","gender","male",2685706.72
"state26","gender","male",3841060.03
"state27","gender","male",2288795.68
"state28","gender","male",1064742.57
"state29","gender","male",2274967.22
"state30","gender","male",457123.28
"state31","gender","male",740515.19
"state32","gender","male",1305650.54
"state33","gender","male",541203.9
"state34","gender","male",3563848.82
"state35","gender","male",785480.52
"state36","gender","male",7350752.22
"state37","gender","male",4085992.96
"state38","gender","male",310466.69
"state39","gender","male",4301805.02
"state40","gender","male",1429644.04
"state41","gender","male",1702757.38
"state42","gender","male",4801592.66
"state44","gender","male",406848.41
"state45","gender","male",1997171.81
"state46","gender","male",332310.79
"state47","gender","male",2634529.56
"state48","gender","male",11108788.23
"state49","gender","male",1247154.51
"state50","gender","male",252829.66
"state51","gender","male",3306392.5
"state53","gender","male",3190066.31
"state54","gender","male",696850.47
"state55","gender","male",2159802.98
"state56","gender","male",218448.61
"state01","gender","female",2069807.46
"state02","gender","female",256168.46
"state04","gender","female",2932668.82
"state05","gender","female",1212654.44
"state06","gender","female",15397754.16
"state08","gender","female",2293873.94
"state09","gender","female",1470357.4
"state10","gender","female",425586.98
"state11","gender","female",295191.07
"state12","gender","female",9343845.48
"state13","gender","female",4415410.93
"state15","gender","female",564983.29
"state16","gender","female",741751.94
"state17","gender","female",4960811.37
"state18","gender","female",2651577.67
"state19","gender","female",1231712.09
"state20","gender","female",1124492.77
"state21","gender","female",1788128.82
"state22","gender","female",1803794.08
"state23","gender","female",586309.21
"state24","gender","female",2472170.75
"state25","gender","female",2863930.75
"state26","gender","female",3972011.71
"state27","gender","female",2221258.92
"state28","gender","female",1170389.07
"state29","gender","female",2445085.32
"state30","gender","female",440362.9
"state31","gender","female",740509.27
"state32","gender","female",1240128.2
"state33","gender","female",577798.51
"state34","gender","female",3706529.3
"state35","gender","female",841171.52
"state36","gender","female",7961434.19
"state37","gender","female",4364408.66
"state38","gender","female",287168.23
"state39","gender","female",4676979.44
"state40","gender","female",1572273.57
"state41","gender","female",1711393.17
"state42","gender","female",5220098.42
"state44","gender","female",452394.64
"state45","gender","female",2205436.06
"state46","gender","female",344091.12
"state47","gender","female",2870683.66
"state48","gender","female",11629478.93
"state49","gender","female",1232577.15
"state50","gender","female",268389.19
"state51","gender","female",3448065.34
"state53","gender","female",3047694.13
"state54","gender","female",699276.01
"state55","gender","female",2325933.34
"state56","gender","female",219236.34
"state01","gender-parenthood","male-parent",371801.63
"state02","gender-parenthood","male-parent",66196.6
"state04","gender-parenthood","male-parent",565964.52
"state05","gender-parenthood","male-parent",225701.86
"state06","gender-parenthood","male-parent",3255354.24
"state08","gender-parenthood","male-parent",542191.71
"state09","gender-parenthood","male-parent",317687.72
"state10","gender-parenthood","male-parent",91527.7
"state11","gender-parenthood","male-parent",37271.03
"state12","gender-parenthood","male-parent",1694164.87
"state13","gender-parenthood","male-parent",970112.38
"state15","gender-parenthood","male-parent",123279.51
"state16","gender-parenthood","male-parent",216334.91
"state17","gender-parenthood","male-parent",1172761.43
"state18","gender-parenthood","male-parent",686338.49
"state19","gender-parenthood","male-parent",277992.17
"state20","gender-parenthood","male-parent",284742.13
"state21","gender-parenthood","male-parent",367943.46
"state22","gender-parenthood","male-parent",354866.94
"state23","gender-parenthood","male-parent",108226.95
"state24","gender-parenthood","male-parent",517633.43
"state25","gender-parenthood","male-parent",590833.54
"state26","gender-parenthood","male-parent",812974.2
"state27","gender-parenthood","male-parent",555823.71
"state28","gender-parenthood","male-parent",219240.85
"state29","gender-parenthood","male-parent",522531.22
"state30","gender-parenthood","male-parent",101891.78
"state31","gender-parenthood","male-parent",193160.92
"state32","gender-parenthood","male-parent",248297.28
"state33","gender-parenthood","male-parent",101939.87
"state34","gender-parenthood","male-parent",838940.76
"state35","gender-parenthood","male-parent",166189.94
"state36","gender-parenthood","male-parent",1535868.06
"state37","gender-parenthood","male-parent",926018.57
"state38","gender-parenthood","male-parent",82070.59
"state39","gender-parenthood","male-parent",1038046.38
"state40","gender-parenthood","male-parent",342783.11
"state41","gender-parenthood","male-parent",384541.47
"state42","gender-parenthood","male-parent",968196.04
"state44","gender-parenthood","male-parent",82506.32
"state45","gender-parenthood","male-parent",486141.97
"state46","gender-parenthood","male-parent",78230.13
"state47","gender-parenthood","male-parent",639817.72
"state48","gender-parenthood","male-parent",2850510.39
"state49","gender-parenthood","male-parent",348963.96
"state50","gender-parenthood","male-parent",55189.26
"state51","gender-parenthood","male-parent",746904.12
"state53","gender-parenthood","male-parent",800502.63
"state54","gender-parenthood","male-parent",153743.99
"state55","gender-parenthood","male-parent",562989.19
"state56","gender-parenthood","male-parent",59661.19
"state01","gender-parenthood","male-non-parent",1289006.56
"state02","gender-parenthood","male-non-parent",194583.42
"state04","gender-parenthood","male-non-parent",1876422.12
"state05","gender-parenthood","male-non-parent",796261.71
"state06","gender-parenthood","male-non-parent",9912577.4
"state08","gender-parenthood","male-non-parent",1667335.01
"state09","gender-parenthood","male-non-parent",941600.82
"state10","gender-parenthood","male-non-parent",266097.65
"state11","gender-parenthood","male-non-parent",206871.94
"state12","gender-parenthood","male-non-parent",6240229.75
"state13","gender-parenthood","male-non-parent",2802520.77
"state15","gender-parenthood","male-non-parent",355179.74
"state16","gender-parenthood","male-non-parent",479565.92
"state17","gender-parenthood","male-non-parent",3274043.41
"state18","gender-parenthood","male-non-parent",1736136.75
"state19","gender-parenthood","male-non-parent",878502.7
"state20","gender-parenthood","male-non-parent",721207.65
"state21","gender-parenthood","male-non-parent",1177334.56
"state22","gender-parenthood","male-non-parent",1125000.59
"state23","gender-parenthood","male-non-parent",423051.8
"state24","gender-parenthood","male-non-parent",1624607.4
"state25","gender-parenthood","male-non-parent",1841401.66
"state26","gender-parenthood","male-non-parent",2659081.21
"state27","gender-parenthood","male-non-parent",1571084.16
"state28","gender-parenthood","male-non-parent",764016.83
"state29","gender-parenthood","male-non-parent",1564241.48
"state30","gender-parenthood","male-non-parent",332022.84
"state31","gender-parenthood","male-non-parent",497798.06
"state32","gender-parenthood","male-non-parent",911146.36
"state33","gender-parenthood","male-non-parent",390342.28
"state34","gender-parenthood","male-non-parent",2279793.38
"state35","gender-parenthood","male-non-parent",547989.85
"state36","gender-parenthood","male-non-parent",5041358.88
"state37","gender-parenthood","male-non-parent",2822305.25
"state38","gender-parenthood","male-non-parent",208347.38
"state39","gender-parenthood","male-non-parent",2891050.63
"state40","gender-parenthood","male-non-parent",998844.39
"state41","gender-parenthood","male-non-parent",1176665.76
"state42","gender-parenthood","male-non-parent",3310330.26
"state44","gender-parenthood","male-non-parent",289730.92
"state45","gender-parenthood","male-non-parent",1354953.73
"state46","gender-parenthood","male-non-parent",235841.98
"state47","gender-parenthood","male-non-parent",1765008.36
"state48","gender-parenthood","male-non-parent",7273701.81
"state49","gender-parenthood","male-non-parent",788350.11
"state50","gender-parenthood","male-non-parent",185115.49
"state51","gender-parenthood","male-non-parent",2258834.05
"state53","gender-parenthood","male-non-parent",2107365.01
"state54","gender-parenthood","male-non-parent",481710.95
"state55","gender-parenthood","male-non-parent",1438269.26
"state56","gender-parenthood","male-non-parent",144103.86
"state01","gender-parenthood","female-parent",520994.31
"state02","gender-parenthood","female-parent",80380.19
"state04","gender-parenthood","female-parent",696075.76
"state05","gender-parenthood","female-parent",324888.14
"state06","gender-parenthood","female-parent",3888548.36
"state08","gender-parenthood","female-parent",599375.46
"state09","gender-parenthood","female-parent",366030.09
"state10","gender-parenthood","female-parent",106086.84
"state11","gender-parenthood","female-parent",47664.42
"state12","gender-parenthood","female-parent",2051044.61
"state13","gender-parenthood","female-parent",1224633.54
"state15","gender-parenthood","female-parent",152217.34
"state16","gender-parenthood","female-parent",238036.96
"state17","gender-parenthood","female-parent",1347207.91
"state18","gender-parenthood","female-parent",818598.2
"state19","gender-parenthood","female-parent",332642.26
"state20","gender-parenthood","female-parent",313679.37
"state21","gender-parenthood","female-parent",450977.96
"state22","gender-parenthood","female-parent",484123.96
"state23","gender-parenthood","female-parent",132790.56
"state24","gender-parenthood","female-parent",598436.13
"state25","gender-parenthood","female-parent",704279.22
"state26","gender-parenthood","female-parent",1006186.02
"state27","gender-parenthood","female-parent",613234.52
"state28","gender-parenthood","female-parent",288481.45
"state29","gender-parenthood","female-parent",652240.1
"state30","gender-parenthood","female-parent",116512.01
"state31","gender-parenthood","female-parent",227435.22
"state32","gender-parenthood","female-parent",326882.4
"state33","gender-parenthood","female-parent",111906.66
"state34","gender-parenthood","female-parent",981160.63
"state35","gender-parenthood","female-parent",217586.96
"state36","gender-parenthood","female-parent",1864359.88
"state37","gender-parenthood","female-parent",1125154.11
"state38","gender-parenthood","female-parent",93680.21
"state39","gender-parenthood","female-parent",1215113.07
"state40","gender-parenthood","female-parent",416853.4
"state41","gender-parenthood","female-parent",437386.13
"state42","gender-parenthood","female-parent",1180059.47
"state44","gender-parenthood","female-parent",103547.24
"state45","gender-parenthood","female-parent",635859.95
"state46","gender-parenthood","female-parent",89678.33
"state47","gender-parenthood","female-parent",770386.01
"state48","gender-parenthood","female-parent",3511283.28
"state49","gender-parenthood","female-parent",391552.88
"state50","gender-parenthood","female-parent",64525.58
"state51","gender-parenthood","female-parent",924309.22
"state53","gender-parenthood","female-parent",913998.05
"state54","gender-parenthood","female-parent",172352.07
"state55","gender-parenthood","female-parent",653678.8
"state56","gender-parenthood","female-parent",67059.03
"state01","gender-parenthood","female-non-parent",1311147.06
"state02","gender-parenthood","female-non-parent",151054.12
"state04","gender-parenthood","female-non-parent",1895835.46
"state05","gender-parenthood","female-non-parent",736075.6
"state06","gender-parenthood","female-non-parent",9095240.77
"state08","gender-parenthood","female-non-parent",1446028.63
"state09","gender-parenthood","female-non-parent",900290.81
"state10","gender-parenthood","female-non-parent",266371.32
"state11","gender-parenthood","female-non-parent",223310.58
"state12","gender-parenthood","female-non-parent",5998158.4
"state13","gender-parenthood","female-non-parent",2710740.42
"state15","gender-parenthood","female-non-parent",312722.92
"state16","gender-parenthood","female-non-parent",438131.2
"state17","gender-parenthood","female-non-parent",3036351.49
"state18","gender-parenthood","female-non-parent",1582186.29
"state19","gender-parenthood","female-non-parent",808804.18
"state20","gender-parenthood","female-non-parent",707781
"state21","gender-parenthood","female-non-parent",1162108.73
"state22","gender-parenthood","female-non-parent",1071847.81
"state23","gender-parenthood","female-non-parent",401675.69
"state24","gender-parenthood","female-non-parent",1509432.49
"state25","gender-parenthood","female-non-parent",1763926.14
"state26","gender-parenthood","female-non-parent",2415418.65
"state27","gender-parenthood","female-non-parent",1427579.9
"state28","gender-parenthood","female-non-parent",735307.3
"state29","gender-parenthood","female-non-parent",1519646.87
"state30","gender-parenthood","female-non-parent",294271.92
"state31","gender-parenthood","female-non-parent",459438.1
"state32","gender-parenthood","female-non-parent",735200.55
"state33","gender-parenthood","female-non-parent",402489.9
"state34","gender-parenthood","female-non-parent",2073809.9
"state35","gender-parenthood","female-non-parent",521733.75
"state36","gender-parenthood","female-non-parent",4988938.04
"state37","gender-parenthood","female-non-parent",2801083.52
"state38","gender-parenthood","female-non-parent",173637.09
"state39","gender-parenthood","female-non-parent",2884291.44
"state40","gender-parenthood","female-non-parent",987847.14
"state41","gender-parenthood","female-non-parent",1110036.34
"state42","gender-parenthood","female-non-parent",3244363.17
"state44","gender-parenthood","female-non-parent",290552.78
"state45","gender-parenthood","female-non-parent",1336837.49
"state46","gender-parenthood","female-non-parent",224246.84
"state47","gender-parenthood","female-non-parent",1754660.8
"state48","gender-parenthood","female-non-parent",6567935.32
"state49","gender-parenthood","female-non-parent",711670.9
"state50","gender-parenthood","female-non-parent",182567.77
"state51","gender-parenthood","female-non-parent",2099460.26
"state53","gender-parenthood","female-non-parent",1827374.51
"state54","gender-parenthood","female-non-parent",445493.3
"state55","gender-parenthood","female-non-parent",1442976.49
"state56","gender-parenthood","female-non-parent",134037.24
"state01","gender-race","male-white",1259879.95
"state02","gender-race","male-white",178880.97
"state04","gender-race","male-white",1428034.04
"state05","gender-race","male-white",848525.55
"state06","gender-race","male-white",5377733.29
"state08","gender-race","male-white",1724815.99
"state09","gender-race","male-white",984824.32
"state10","gender-race","male-white",245345.4
"state11","gender-race","male-white",128033.02
"state12","gender-race","male-white",4911368.37
"state13","gender-race","male-white",2157873.31
"state15","gender-race","male-white",111875.97
"state16","gender-race","male-white",599517.85
"state17","gender-race","male-white",3043708.1
"state18","gender-race","male-white",2024738.61
"state19","gender-race","male-white",1031890.51
"state20","gender-race","male-white",795937.88
"state21","gender-race","male-white",1407525.77
"state22","gender-race","male-white",966764.2
"state23","gender-race","male-white",519417.55
"state24","gender-race","male-white",1186591.47
"state25","gender-race","male-white",1871269.85
"state26","gender-race","male-white",3017989.04
"state27","gender-race","male-white",1818927.5
"state28","gender-race","male-white",646333.94
"state29","gender-race","male-white",1845843.05
"state30","gender-race","male-white",406530.21
"state31","gender-race","male-white",581005.48
"state32","gender-race","male-white",673240.23
"state33","gender-race","male-white",500558.99
"state34","gender-race","male-white",1939327.84
"state35","gender-race","male-white",331231.72
"state36","gender-race","male-white",4221987.23
"state37","gender-race","male-white",2431255.76
"state38","gender-race","male-white",262700.77
"state39","gender-race","male-white",3448443.24
"state40","gender-race","male-white",946931.53
"state41","gender-race","male-white",1270691.71
"state42","gender-race","male-white",3667386.29
"state44","gender-race","male-white",310016.28
"state45","gender-race","male-white",1295805.5
"state46","gender-race","male-white",297350.65
"state47","gender-race","male-white",1969207.36
"state48","gender-race","male-white",4770372.8
"state49","gender-race","male-white",1002955.61
"state50","gender-race","male-white",234577.02
"state51","gender-race","male-white",2058672.11
"state53","gender-race","male-white",2135318.31
"state54","gender-race","male-white",640762.63
"state55","gender-race","male-white",1864092.04
"state56","gender-race","male-white",189561.25
"state01","gender-race","male-black",447947.27
"state02","gender-race","male-black",8375.87
"state04","gender-race","male-black",147435.4
"state05","gender-race","male-black",140022.59
"state06","gender-race","male-black",757945.84
"state08","gender-race","male-black",97148.5
"state09","gender-race","male-black",131705.63
"state10","gender-race","male-black",82275.45
"state11","gender-race","male-black",96979.85
"state12","gender-race","male-black",1270672.92
"state13","gender-race","male-black",1214217.41
"state15","gender-race","male-black",11719.41
"state16","gender-race","male-black",11910.67
"state17","gender-race","male-black",639784.74
"state18","gender-race","male-black",208907.61
"state19","gender-race","male-black",57340.84
"state20","gender-race","male-black",63903.09
"state21","gender-race","male-black",110558.46
"state22","gender-race","male-black",479411.74
"state23","gender-race","male-black",11535.93
"state24","gender-race","male-black",690690.35
"state25","gender-race","male-black",197435.13
"state26","gender-race","male-black",450976.31
"state27","gender-race","male-black",136672.75
"state28","gender-race","male-black",349177.01
"state29","gender-race","male-black",245345.5
"state30","gender-race","male-black",3580.35
"state31","gender-race","male-black",30387.12
"state32","gender-race","male-black",109132.6
"state34","gender-race","male-black",441384.75
"state35","gender-race","male-black",12920.73
"state36","gender-race","male-black",844714.2
"state37","gender-race","male-black",817065.1
"state38","gender-race","male-black",9699.97
"state39","gender-race","male-black",468266.33
"state40","gender-race","male-black",100331.32
"state41","gender-race","male-black",41103.71
"state42","gender-race","male-black",491774.62
"state44","gender-race","male-black",27968.33
"state45","gender-race","male-black",428152.52
"state46","gender-race","male-black",4730.63
"state47","gender-race","male-black",373807.15
"state48","gender-race","male-black",1293542.6
"state49","gender-race","male-black",21644.68
"state51","gender-race","male-black",569077.71
"state53","gender-race","male-black",120827.52
"state54","gender-race","male-black",25666.52
"state55","gender-race","male-black",113064.45
"state01","gender-race","male-hispan",63750.73
"state02","gender-race","male-hispan",21004.58
"state04","gender-race","male-hispan",907742.02
"state05","gender-race","male-hispan",71307.79
"state06","gender-race","male-hispan",5844702.12
"state08","gender-race","male-hispan",460593.76
"state09","gender-race","male-hispan",231264.59
"state10","gender-race","male-hispan",35892.21
"state11","gender-race","male-hispan",17451.28
"state12","gender-race","male-hispan",2307505.01
"state13","gender-race","male-hispan",443395.54
"state15","gender-race","male-hispan",49604.46
"state16","gender-race","male-hispan",113689.33
"state17","gender-race","male-hispan",931070.66
"state18","gender-race","male-hispan",226196.7
"state19","gender-race","male-hispan",94055.45
"state20","gender-race","male-hispan",146321.07
"state21","gender-race","male-hispan",102343.93
"state22","gender-race","male-hispan",125899.14
"state23","gender-race","male-hispan",9434.86
"state24","gender-race","male-hispan",295266.42
"state25","gender-race","male-hispan",334827.2
"state26","gender-race","male-hispan",218466.57
"state27","gender-race","male-hispan",136939.66
"state28","gender-race","male-hispan",58401.02
"state29","gender-race","male-hispan",106690.18
"state30","gender-race","male-hispan",11444.6
"state31","gender-race","male-hispan",81215.44
"state32","gender-race","male-hispan",357858.53
"state33","gender-race","male-hispan",9817.42
"state34","gender-race","male-hispan",712446.77
"state35","gender-race","male-hispan",334493.01
"state36","gender-race","male-hispan",1401628.82
"state37","gender-race","male-hispan",584659.39
"state38","gender-race","male-hispan",14575.94
"state39","gender-race","male-hispan",187742.4
"state40","gender-race","male-hispan",179747.02
"state41","gender-race","male-hispan",217814.7
"state42","gender-race","male-hispan",326992.94
"state44","gender-race","male-hispan",47294.35
"state45","gender-race","male-hispan",185331.72
"state46","gender-race","male-hispan",12675.91
"state47","gender-race","male-hispan",172445.03
"state48","gender-race","male-hispan",4062523.51
"state49","gender-race","male-hispan",173559.56
"state51","gender-race","male-hispan",296064.15
"state53","gender-race","male-hispan",439075.06
"state54","gender-race","male-hispan",13047.36
"state55","gender-race","male-hispan",106145.63
"state56","gender-race","male-hispan",16397.53
"state01","gender-race","male-asian",30617.46
"state02","gender-race","male-asian",16211.42
"state04","gender-race","male-asian",125214.63
"state05","gender-race","male-asian",29646.04
"state06","gender-race","male-asian",2693778.51
"state08","gender-race","male-asian",53418.24
"state09","gender-race","male-asian",45288.9
"state10","gender-race","male-asian",14963.75
"state11","gender-race","male-asian",10037.02
"state12","gender-race","male-asian",268942.92
"state13","gender-race","male-asian",246861.09
"state15","gender-race","male-asian",280438.07
"state16","gender-race","male-asian",7758.02
"state17","gender-race","male-asian",260675.64
"state18","gender-race","male-asian",64277.28
"state19","gender-race","male-asian",20948.69
"state20","gender-race","male-asian",36759.4
"state22","gender-race","male-asian",36812.59
"state24","gender-race","male-asian",161734.2
"state25","gender-race","male-asian",236349.44
"state26","gender-race","male-asian",103714.92
"state27","gender-race","male-asian",107584.97
"state29","gender-race","male-asian",25803.48
"state30","gender-race","male-asian",2160.75
"state31","gender-race","male-asian",27046.82
"state32","gender-race","male-asian",125212.41
"state33","gender-race","male-asian",23259.2
"state34","gender-race","male-asian",414380.03
"state35","gender-race","male-asian",17490.9
"state36","gender-race","male-asian",780911.5
"state37","gender-race","male-asian",145067.22
"state38","gender-race","male-asian",3968.41
"state39","gender-race","male-asian",127540.23
"state40","gender-race","male-asian",25576.45
"state41","gender-race","male-asian",109281.37
"state42","gender-race","male-asian",239894.96
"state44","gender-race","male-asian",12179.8
"state45","gender-race","male-asian",54407.99
"state47","gender-race","male-asian",70409.78
"state48","gender-race","male-asian",790352.86
"state49","gender-race","male-asian",35633.1
"state50","gender-race","male-asian",4809.18
"state51","gender-race","male-asian",276192.84
"state53","gender-race","male-asian",351434.8
"state54","gender-race","male-asian",4318.07
"state55","gender-race","male-asian",58659.21
"state56","gender-race","male-asian",3980.57
"state02","gender-race","male-native",41217.23
"state04","gender-race","male-native",59666.28
"state06","gender-race","male-native",78895.94
"state08","gender-race","male-native",17328.73
"state09","gender-race","male-native",1869.36
"state12","gender-race","male-native",37709.71
"state13","gender-race","male-native",14365.31
"state18","gender-race","male-native",2744.18
"state19","gender-race","male-native",8378.94
"state20","gender-race","male-native",19057.19
"state24","gender-race","male-native",2224.74
"state25","gender-race","male-native",4642.44
"state26","gender-race","male-native",17201.33
"state27","gender-race","male-native",30977.66
"state29","gender-race","male-native",9504.45
"state30","gender-race","male-native",17408.59
"state31","gender-race","male-native",6341.29
"state32","gender-race","male-native",8369.1
"state35","gender-race","male-native",80017.85
"state36","gender-race","male-native",22748.46
"state37","gender-race","male-native",36003.14
"state38","gender-race","male-native",14595.46
"state39","gender-race","male-native",2361.53
"state40","gender-race","male-native",108357.65
"state41","gender-race","male-native",17551.86
"state42","gender-race","male-native",7638.4
"state46","gender-race","male-native",10926.2
"state48","gender-race","male-native",52885.02
"state51","gender-race","male-native",22314.31
"state53","gender-race","male-native",55938.02
"state01","gender-race","male-multi",22571.29
"state02","gender-race","male-multi",17562.18
"state04","gender-race","male-multi",31129.77
"state05","gender-race","male-multi",16909.49
"state06","gender-race","male-multi",184472.02
"state08","gender-race","male-multi",36646.04
"state09","gender-race","male-multi",19534.14
"state10","gender-race","male-multi",12886.56
"state11","gender-race","male-multi",2853.22
"state12","gender-race","male-multi",105707.75
"state13","gender-race","male-multi",42841.3
"state15","gender-race","male-multi",97118.67
"state16","gender-race","male-multi",10718.43
"state17","gender-race","male-multi",25616.4
"state18","gender-race","male-multi",75413.69
"state19","gender-race","male-multi",25075.74
"state20","gender-race","male-multi",27088.55
"state21","gender-race","male-multi",26699.07
"state22","gender-race","male-multi",14397.91
"state23","gender-race","male-multi",21547.89
"state24","gender-race","male-multi",51923.61
"state25","gender-race","male-multi",41182.66
"state26","gender-race","male-multi",32711.86
"state27","gender-race","male-multi",57693.14
"state28","gender-race","male-multi",1248.73
"state29","gender-race","male-multi",41780.56
"state30","gender-race","male-multi",15998.78
"state32","gender-race","male-multi",31837.67
"state34","gender-race","male-multi",48932.23
"state35","gender-race","male-multi",9326.31
"state36","gender-race","male-multi",78762.01
"state37","gender-race","male-multi",71942.35
"state38","gender-race","male-multi",4926.14
"state39","gender-race","male-multi",67451.29
"state40","gender-race","male-multi",68700.07
"state41","gender-race","male-multi",46314.03
"state42","gender-race","male-multi",67905.45
"state45","gender-race","male-multi",25684.28
"state47","gender-race","male-multi",37125.14
"state48","gender-race","male-multi",139111.44
"state49","gender-race","male-multi",12469.04
"state50","gender-race","male-multi",5155.28
"state51","gender-race","male-multi",84071.38
"state53","gender-race","male-multi",87472.6
"state54","gender-race","male-multi",12436.95
"state55","gender-race","male-multi",13758.42
"state01","gender-race","female-white",1348643.75
"state02","gender-race","female-white",155291.39
"state04","gender-race","female-white",1598571.08
"state05","gender-race","female-white",905583.84
"state06","gender-race","female-white",5541990.49
"state08","gender-race","female-white",1641196.74
"state09","gender-race","female-white",983644.26
"state10","gender-race","female-white",264850.33
"state11","gender-race","female-white",123765.91
"state12","gender-race","female-white",5003403.54
"state13","gender-race","female-white",2203862.2
"state15","gender-race","female-white",99695.89
"state16","gender-race","female-white",594648.28
"state17","gender-race","female-white",3114335.72
"state18","gender-race","female-white",2098698.39
"state19","gender-race","female-white",1083710.08
"state20","gender-race","female-white",884179.24
"state21","gender-race","female-white",1521687.96
"state22","gender-race","female-white",1016642.14
"state23","gender-race","female-white",543628.05
"state24","gender-race","female-white",1167126.16
"state25","gender-race","female-white",2024757.1
"state26","gender-race","female-white",2993745.4
"state27","gender-race","female-white",1780403.24
"state28","gender-race","female-white",677098.2
"state29","gender-race","female-white",1963337.9
"state30","gender-race","female-white",394690.97
"state31","gender-race","female-white",570774.58
"state32","gender-race","female-white",622313.76
"state33","gender-race","female-white",525618.48
"state34","gender-race","female-white",2002460.41
"state35","gender-race","female-white",330534.18
"state36","gender-race","female-white",4434148.11
"state37","gender-race","female-white",2644729.85
"state38","gender-race","female-white",250400.43
"state39","gender-race","female-white",3662705.5
"state40","gender-race","female-white",990143.28
"state41","gender-race","female-white",1289069.24
"state42","gender-race","female-white",4004339.73
"state44","gender-race","female-white",328203.81
"state45","gender-race","female-white",1389700.35
"state46","gender-race","female-white",300456.51
"state47","gender-race","female-white",2119499.88
"state48","gender-race","female-white",4925770.77
"state49","gender-race","female-white",962295.77
"state50","gender-race","female-white",250643.78
"state51","gender-race","female-white",2047837.47
"state53","gender-race","female-white",1998736.94
"state54","gender-race","female-white",650653.87
"state55","gender-race","female-white",1968355.18
"state56","gender-race","female-white",188668.41
"state01","gender-race","female-black",560919.24
"state02","gender-race","female-black",5511.77
"state04","gender-race","female-black",139196.03
"state05","gender-race","female-black",183948.43
"state06","gender-race","female-black",874565.95
"state08","gender-race","female-black",71758.18
"state09","gender-race","female-black",174287.14
"state10","gender-race","female-black",95209.99
"state11","gender-race","female-black",121743.68
"state12","gender-race","female-black",1396480.69
"state13","gender-race","female-black",1460579.74
"state16","gender-race","female-black",3646.23
"state17","gender-race","female-black",719080.57
"state18","gender-race","female-black",233060.53
"state19","gender-race","female-black",35960.15
"state20","gender-race","female-black",55759.74
"state21","gender-race","female-black",131827
"state22","gender-race","female-black",579058.75
"state23","gender-race","female-black",8556.06
"state24","gender-race","female-black",792687.46
"state25","gender-race","female-black",208212.96
"state26","gender-race","female-black",545910.5
"state27","gender-race","female-black",151855.95
"state28","gender-race","female-black",435799.16
"state29","gender-race","female-black",296284.39
"state31","gender-race","female-black",31794.78
"state32","gender-race","female-black",96449.33
"state33","gender-race","female-black",13806.66
"state34","gender-race","female-black",491427.32
"state35","gender-race","female-black",21970.19
"state36","gender-race","female-black",1154575.9
"state37","gender-race","female-black",960008.55
"state38","gender-race","female-black",7658.03
"state39","gender-race","female-black",585895.06
"state40","gender-race","female-black",119485.23
"state41","gender-race","female-black",20494.74
"state42","gender-race","female-black",552806.53
"state44","gender-race","female-black",23831.14
"state45","gender-race","female-black",576585.65
"state47","gender-race","female-black",447371.84
"state48","gender-race","female-black",1538262.1
"state49","gender-race","female-black",15506.63
"state51","gender-race","female-black",703264.53
"state53","gender-race","female-black",108554.54
"state54","gender-race","female-black",22578.41
"state55","gender-race","female-black",138214.18
"state56","gender-race","female-black",2311.07
"state01","gender-race","female-hispan",88139
"state02","gender-race","female-hispan",19415.81
"state04","gender-race","female-hispan",926028.74
"state05","gender-race","female-hispan",69933.04
"state06","gender-race","female-hispan",5699879.63
"state08","gender-race","female-hispan",447019.74
"state09","gender-race","female-hispan",235717.9
"state10","gender-race","female-hispan",33629.6
"state11","gender-race","female-hispan",28716.58
"state12","gender-race","female-hispan",2510038.73
"state13","gender-race","female-hispan",462766.34
"state15","gender-race","female-hispan",45489.18
"state16","gender-race","female-hispan",100619.98
"state17","gender-race","female-hispan",803737.49
"state18","gender-race","female-hispan",192528.62
"state19","gender-race","female-hispan",70707.31
"state20","gender-race","female-hispan",91011.89
"state21","gender-race","female-hispan",85194.47
"state22","gender-race","female-hispan",126919.06
"state23","gender-race","female-hispan",4042.88
"state24","gender-race","female-hispan",268126.5
"state25","gender-race","female-hispan",331050.93
"state26","gender-race","female-hispan",226920.77
"state27","gender-race","female-hispan",87378.4
"state28","gender-race","female-hispan",42378.21
"state29","gender-race","female-hispan",73936.44
"state30","gender-race","female-hispan",13497.92
"state31","gender-race","female-hispan",80473.77
"state32","gender-race","female-hispan",347738.66
"state33","gender-race","female-hispan",15614.14
"state34","gender-race","female-hispan",753583.28
"state35","gender-race","female-hispan",352316.66
"state36","gender-race","female-hispan",1378843.75
"state37","gender-race","female-hispan",485595.52
"state38","gender-race","female-hispan",7804.98
"state39","gender-race","female-hispan",217537.5
"state40","gender-race","female-hispan",192184.36
"state41","gender-race","female-hispan",218901.77
"state42","gender-race","female-hispan",318100.59
"state44","gender-race","female-hispan",76554.26
"state45","gender-race","female-hispan",140637.32
"state46","gender-race","female-hispan",9751.24
"state47","gender-race","female-hispan",172131.57
"state48","gender-race","female-hispan",4203031.31
"state49","gender-race","female-hispan",187688.64
"state51","gender-race","female-hispan",306994.48
"state53","gender-race","female-hispan",406221.74
"state54","gender-race","female-hispan",12235
"state55","gender-race","female-hispan",111767.73
"state56","gender-race","female-hispan",16055.14
"state01","gender-race","female-asian",27469.27
"state02","gender-race","female-asian",22307.17
"state04","gender-race","female-asian",137178.71
"state05","gender-race","female-asian",27041.86
"state06","gender-race","female-asian",2959296.79
"state08","gender-race","female-asian",71360.01
"state09","gender-race","female-asian",58193.25
"state10","gender-race","female-asian",17934.84
"state11","gender-race","female-asian",15756.12
"state12","gender-race","female-asian",292291.74
"state13","gender-race","female-asian",221044.93
"state15","gender-race","female-asian",310296.91
"state16","gender-race","female-asian",15382.91
"state17","gender-race","female-asian",264585.03
"state18","gender-race","female-asian",72467.51
"state19","gender-race","female-asian",21597.51
"state20","gender-race","female-asian",50774.91
"state21","gender-race","female-asian",27669.98
"state22","gender-race","female-asian",42624.39
"state23","gender-race","female-asian",9961.08
"state24","gender-race","female-asian",209370.54
"state25","gender-race","female-asian",236443.94
"state26","gender-race","female-asian",106347.2
"state27","gender-race","female-asian",106629.01
"state28","gender-race","female-asian",7185.21
"state29","gender-race","female-asian",49606.88
"state31","gender-race","female-asian",32097.03
"state32","gender-race","female-asian",120357.14
"state33","gender-race","female-asian",19436.56
"state34","gender-race","female-asian",426025.4
"state35","gender-race","female-asian",23521.83
"state36","gender-race","female-asian",894668.97
"state37","gender-race","female-asian",141604.03
"state38","gender-race","female-asian",5566.67
"state39","gender-race","female-asian",126988.1
"state40","gender-race","female-asian",28783.16
"state41","gender-race","female-asian",114390.73
"state42","gender-race","female-asian",276134.26
"state44","gender-race","female-asian",13852.16
"state45","gender-race","female-asian",58838.37
"state47","gender-race","female-asian",70628.53
"state48","gender-race","female-asian",778583.08
"state49","gender-race","female-asian",44604.08
"state51","gender-race","female-asian",297606.74
"state53","gender-race","female-asian",374176.53
"state54","gender-race","female-asian",3288.51
"state55","gender-race","female-asian",70949.79
"state56","gender-race","female-asian",3064.78
"state01","gender-race","female-native",9558.05
"state02","gender-race","female-native",41174.74
"state04","gender-race","female-native",82899.36
"state05","gender-race","female-native",7670.87
"state06","gender-race","female-native",77971.65
"state08","gender-race","female-native",11042.82
"state09","gender-race","female-native",3749.83
"state12","gender-race","female-native",25550.38
"state13","gender-race","female-native",14581.35
"state16","gender-race","female-native",9781.36
"state20","gender-race","female-native",13452.57
"state21","gender-race","female-native",5645.17
"state26","gender-race","female-native",24248.54
"state27","gender-race","female-native",42601.07
"state29","gender-race","female-native",3651.89
"state30","gender-race","female-native",14115.68
"state31","gender-race","female-native",11299.9
"state35","gender-race","female-native",101898.73
"state37","gender-race","female-native",64685.02
"state38","gender-race","female-native",10204.32
"state40","gender-race","female-native",141925.88
"state41","gender-race","female-native",12899.24
"state42","gender-race","female-native",12051.73
"state45","gender-race","female-native",8124.53
"state46","gender-race","female-native",19709.82
"state47","gender-race","female-native",19439.77
"state48","gender-race","female-native",40655.65
"state49","gender-race","female-native",5708.91
"state51","gender-race","female-native",23826.55
"state53","gender-race","female-native",40357.13
"state55","gender-race","female-native",13614.66
"state01","gender-race","female-multi",35078.15
"state02","gender-race","female-multi",12467.58
"state04","gender-race","female-multi",48794.9
"state05","gender-race","female-multi",18476.4
"state06","gender-race","female-multi",244049.65
"state08","gender-race","female-multi",51496.45
"state09","gender-race","female-multi",14765.02
"state11","gender-race","female-multi",4901.47
"state12","gender-race","female-multi",116080.4
"state13","gender-race","female-multi",52576.37
"state15","gender-race","female-multi",102388.87
"state16","gender-race","female-multi",17673.18
"state17","gender-race","female-multi",59072.56
"state18","gender-race","female-multi",48248.76
"state19","gender-race","female-multi",16488.65
"state20","gender-race","female-multi",29314.42
"state21","gender-race","female-multi",16104.24
"state22","gender-race","female-multi",22946.1
"state23","gender-race","female-multi",16211.43
"state24","gender-race","female-multi",34860.09
"state25","gender-race","female-multi",55937.99
"state26","gender-race","female-multi",74839.3
"state27","gender-race","female-multi",52391.25
"state28","gender-race","female-multi",6683.97
"state29","gender-race","female-multi",58267.82
"state31","gender-race","female-multi",14069.21
"state32","gender-race","female-multi",44401.97
"state33","gender-race","female-multi",2707.89
"state34","gender-race","female-multi",26142.3
"state36","gender-race","female-multi",80921.3
"state37","gender-race","female-multi",67785.69
"state38","gender-race","female-multi",5533.8
"state39","gender-race","female-multi",77585.67
"state40","gender-race","female-multi",99751.66
"state41","gender-race","female-multi",55637.45
"state42","gender-race","female-multi",56665.58
"state44","gender-race","female-multi",9953.27
"state45","gender-race","female-multi",31549.84
"state46","gender-race","female-multi",3129.69
"state47","gender-race","female-multi",41612.07
"state48","gender-race","female-multi",143176.02
"state49","gender-race","female-multi",16773.12
"state51","gender-race","female-multi",68535.57
"state53","gender-race","female-multi",119647.25
"state54","gender-race","female-multi",8018.54
"state01","race-parenthood","white-parent",608403.86
"state02","race-parenthood","white-parent",88228.97
"state04","race-parenthood","white-parent",498384.48
"state05","race-parenthood","white-parent",387043.95
"state06","race-parenthood","white-parent",2185216.34
"state08","race-parenthood","white-parent",720749.56
"state09","race-parenthood","white-parent",400016.02
"state10","race-parenthood","white-parent",102680.99
"state11","race-parenthood","white-parent",44866.52
"state12","race-parenthood","white-parent",1578396.28
"state13","race-parenthood","white-parent",1019891.98
"state15","race-parenthood","white-parent",50449.19
"state16","race-parenthood","white-parent",349774.92
"state17","race-parenthood","white-parent",1439594.37
"state18","race-parenthood","white-parent",1159472.34
"state19","race-parenthood","white-parent",484209.37
"state20","race-parenthood","white-parent",428894.7
"state21","race-parenthood","white-parent",626399.46
"state22","race-parenthood","white-parent",467909.12
"state23","race-parenthood","white-parent",222891.32
"state24","race-parenthood","white-parent",544707.5
"state25","race-parenthood","white-parent",859832.13
"state26","race-parenthood","white-parent",1304850.74
"state27","race-parenthood","white-parent",894192.44
"state28","race-parenthood","white-parent",299838.4
"state29","race-parenthood","white-parent",928276.34
"state30","race-parenthood","white-parent",186901.65
"state31","race-parenthood","white-parent",295090.02
"state32","race-parenthood","white-parent",227695.28
"state33","race-parenthood","white-parent",191019.29
"state34","race-parenthood","white-parent",870045.13
"state35","race-parenthood","white-parent",120375.03
"state36","race-parenthood","white-parent",1898871.89
"state37","race-parenthood","white-parent",1081794.24
"state38","race-parenthood","white-parent",143981.2
"state39","race-parenthood","white-parent",1698089.06
"state40","race-parenthood","white-parent",441792.69
"state41","race-parenthood","white-parent",568983.68
"state42","race-parenthood","white-parent",1549216.31
"state44","race-parenthood","white-parent",113904.95
"state45","race-parenthood","white-parent",679513.79
"state46","race-parenthood","white-parent",142751.78
"state47","race-parenthood","white-parent",999723.78
"state48","race-parenthood","white-parent",2310894.87
"state49","race-parenthood","white-parent",583502.05
"state50","race-parenthood","white-parent",108981.55
"state51","race-parenthood","white-parent",1015252.5
"state53","race-parenthood","white-parent",965669.74
"state54","race-parenthood","white-parent",293809
"state55","race-parenthood","white-parent",973901.33
"state56","race-parenthood","white-parent",105119.71
"state01","race-parenthood","black-parent",205102.33
"state04","race-parenthood","black-parent",62681.23
"state05","race-parenthood","black-parent",75121.93
"state06","race-parenthood","black-parent",297422.82
"state08","race-parenthood","black-parent",45985.56
"state09","race-parenthood","black-parent",80034.83
"state10","race-parenthood","black-parent",44792.83
"state11","race-parenthood","black-parent",24961.27
"state12","race-parenthood","black-parent",748849.18
"state13","race-parenthood","black-parent",622898.98
"state15","race-parenthood","black-parent",5568.42
"state17","race-parenthood","black-parent",352142.47
"state18","race-parenthood","black-parent",115568.63
"state19","race-parenthood","black-parent",27473.78
"state20","race-parenthood","black-parent",31761.15
"state21","race-parenthood","black-parent",83183.25
"state22","race-parenthood","black-parent",237434.83
"state23","race-parenthood","black-parent",1506.53
"state24","race-parenthood","black-parent",312658.5
"state25","race-parenthood","black-parent",106985.55
"state26","race-parenthood","black-parent",264847.43
"state27","race-parenthood","black-parent",81769.2
"state28","race-parenthood","black-parent",165036.8
"state29","race-parenthood","black-parent",145875.19
"state30","race-parenthood","black-parent",1630.39
"state31","race-parenthood","black-parent",25030.48
"state32","race-parenthood","black-parent",78513.61
"state34","race-parenthood","black-parent",217062.9
"state36","race-parenthood","black-parent",357216.81
"state37","race-parenthood","black-parent",418654.03
"state38","race-parenthood","black-parent",9640.07
"state39","race-parenthood","black-parent",291729.28
"state40","race-parenthood","black-parent",30115.14
"state41","race-parenthood","black-parent",10939.03
"state42","race-parenthood","black-parent",228561.45
"state44","race-parenthood","black-parent",14815.66
"state45","race-parenthood","black-parent",250830.39
"state47","race-parenthood","black-parent",207479.01
"state48","race-parenthood","black-parent",782465.66
"state49","race-parenthood","black-parent",7915.75
"state51","race-parenthood","black-parent",233479.78
"state53","race-parenthood","black-parent",79266.48
"state54","race-parenthood","black-parent",9879.45
"state55","race-parenthood","black-parent",70308.08
"state56","race-parenthood","black-parent",2319.58
"state01","race-parenthood","hispan-parent",40828.74
"state02","race-parenthood","hispan-parent",12217.79
"state04","race-parenthood","hispan-parent",504671.64
"state05","race-parenthood","hispan-parent",48290.8
"state06","race-parenthood","hispan-parent",3181990.27
"state08","race-parenthood","hispan-parent",309492.1
"state09","race-parenthood","hispan-parent",153611.61
"state10","race-parenthood","hispan-parent",30198.29
"state11","race-parenthood","hispan-parent",9286.5
"state12","race-parenthood","hispan-parent",1244197.64
"state13","race-parenthood","hispan-parent",360566.32
"state15","race-parenthood","hispan-parent",32269.28
"state16","race-parenthood","hispan-parent",79190.44
"state17","race-parenthood","hispan-parent",504210.02
"state18","race-parenthood","hispan-parent",127097.93
"state19","race-parenthood","hispan-parent",65233.95
"state20","race-parenthood","hispan-parent",86545.22
"state21","race-parenthood","hispan-parent",82578.73
"state22","race-parenthood","hispan-parent",77572.45
"state23","race-parenthood","hispan-parent",2835.98
"state24","race-parenthood","hispan-parent",182196.18
"state25","race-parenthood","hispan-parent",159471.78
"state26","race-parenthood","hispan-parent",172120.88
"state27","race-parenthood","hispan-parent",84442.49
"state28","race-parenthood","hispan-parent",37150.82
"state29","race-parenthood","hispan-parent",51409.08
"state30","race-parenthood","hispan-parent",10775.41
"state31","race-parenthood","hispan-parent",67231.93
"state32","race-parenthood","hispan-parent",203419.72
"state33","race-parenthood","hispan-parent",7149.87
"state34","race-parenthood","hispan-parent",453635.86
"state35","race-parenthood","hispan-parent",181692.28
"state36","race-parenthood","hispan-parent",599158.28
"state37","race-parenthood","hispan-parent",398636.53
"state38","race-parenthood","hispan-parent",8795.95
"state39","race-parenthood","hispan-parent",149494.85
"state40","race-parenthood","hispan-parent",129745.67
"state41","race-parenthood","hispan-parent",147449.88
"state42","race-parenthood","hispan-parent",211567.86
"state44","race-parenthood","hispan-parent",47483.07
"state45","race-parenthood","hispan-parent",129058.96
"state46","race-parenthood","hispan-parent",6929.78
"state47","race-parenthood","hispan-parent",129392.21
"state48","race-parenthood","hispan-parent",2633244.6
"state49","race-parenthood","hispan-parent",117928.4
"state51","race-parenthood","hispan-parent",205850.1
"state53","race-parenthood","hispan-parent",332405.76
"state54","race-parenthood","hispan-parent",12173.03
"state55","race-parenthood","hispan-parent",111120.2
"state56","race-parenthood","hispan-parent",11356.81
"state01","race-parenthood","asian-parent",23337.29
"state02","race-parenthood","asian-parent",14553.69
"state04","race-parenthood","asian-parent",144703.61
"state05","race-parenthood","asian-parent",22635.77
"state06","race-parenthood","asian-parent",1331432
"state08","race-parenthood","asian-parent",30207.02
"state09","race-parenthood","asian-parent",40481.4
"state10","race-parenthood","asian-parent",8732.9
"state11","race-parenthood","asian-parent",4782.68
"state12","race-parenthood","asian-parent",139660.86
"state13","race-parenthood","asian-parent",176573.92
"state15","race-parenthood","asian-parent",134007.54
"state16","race-parenthood","asian-parent",8835.48
"state17","race-parenthood","asian-parent",195309.11
"state18","race-parenthood","asian-parent",54772.74
"state19","race-parenthood","asian-parent",19530.82
"state20","race-parenthood","asian-parent",35986.14
"state21","race-parenthood","asian-parent",15568.79
"state22","race-parenthood","asian-parent",26387.99
"state24","race-parenthood","asian-parent",57022.26
"state25","race-parenthood","asian-parent",141007.4
"state26","race-parenthood","asian-parent",50951.86
"state27","race-parenthood","asian-parent",83316.78
"state29","race-parenthood","asian-parent",19711.71
"state31","race-parenthood","asian-parent",23177.59
"state32","race-parenthood","asian-parent",51198.9
"state33","race-parenthood","asian-parent",11751.22
"state34","race-parenthood","asian-parent",257936.43
"state36","race-parenthood","asian-parent",516504.97
"state37","race-parenthood","asian-parent",81121.25
"state39","race-parenthood","asian-parent",89383.76
"state40","race-parenthood","asian-parent",7820.52
"state41","race-parenthood","asian-parent",59232.06
"state42","race-parenthood","asian-parent",128400.45
"state44","race-parenthood","asian-parent",7122.12
"state45","race-parenthood","asian-parent",43683.48
"state47","race-parenthood","asian-parent",49727.56
"state48","race-parenthood","asian-parent",539435.76
"state49","race-parenthood","asian-parent",26934.16
"state51","race-parenthood","asian-parent",174462.92
"state53","race-parenthood","asian-parent",243423.38
"state54","race-parenthood","asian-parent",2850.32
"state55","race-parenthood","asian-parent",55921.52
"state01","race-parenthood","native-parent",1718.04
"state02","race-parenthood","native-parent",24379.95
"state04","race-parenthood","native-parent",35453.33
"state05","race-parenthood","native-parent",6990.47
"state06","race-parenthood","native-parent",37536.5
"state12","race-parenthood","native-parent",13726.53
"state20","race-parenthood","native-parent",3913.71
"state26","race-parenthood","native-parent",2838.63
"state27","race-parenthood","native-parent",4992.92
"state30","race-parenthood","native-parent",8866.87
"state35","race-parenthood","native-parent",48915.01
"state37","race-parenthood","native-parent",38130.96
"state38","race-parenthood","native-parent",8931.5
"state40","race-parenthood","native-parent",90958.48
"state41","race-parenthood","native-parent",8743
"state46","race-parenthood","native-parent",7918.68
"state48","race-parenthood","native-parent",28150.54
"state51","race-parenthood","native-parent",15100.99
"state53","race-parenthood","native-parent",14572.96
"state01","race-parenthood","multi-parent",13405.68
"state02","race-parenthood","multi-parent",4079.35
"state04","race-parenthood","multi-parent",16145.99
"state05","race-parenthood","multi-parent",10507.08
"state06","race-parenthood","multi-parent",110304.67
"state08","race-parenthood","multi-parent",25756.15
"state10","race-parenthood","multi-parent",11209.53
"state11","race-parenthood","multi-parent",1038.48
"state12","race-parenthood","multi-parent",20378.99
"state13","race-parenthood","multi-parent",5958.3
"state15","race-parenthood","multi-parent",53202.42
"state17","race-parenthood","multi-parent",26477.69
"state18","race-parenthood","multi-parent",48025.05
"state19","race-parenthood","multi-parent",12134.91
"state20","race-parenthood","multi-parent",11320.58
"state21","race-parenthood","multi-parent",5546.02
"state22","race-parenthood","multi-parent",10638.8
"state23","race-parenthood","multi-parent",11616.16
"state24","race-parenthood","multi-parent",19485.12
"state25","race-parenthood","multi-parent",27815.9
"state26","race-parenthood","multi-parent",23550.68
"state27","race-parenthood","multi-parent",20344.4
"state30","race-parenthood","multi-parent",8487.81
"state33","race-parenthood","multi-parent",1631.85
"state34","race-parenthood","multi-parent",13188.14
"state36","race-parenthood","multi-parent",19624.94
"state37","race-parenthood","multi-parent",32835.67
"state38","race-parenthood","multi-parent",2606.1
"state39","race-parenthood","multi-parent",19135.76
"state40","race-parenthood","multi-parent",59204.01
"state41","race-parenthood","multi-parent",26579.95
"state42","race-parenthood","multi-parent",30509.44
"state45","race-parenthood","multi-parent",14771.82
"state47","race-parenthood","multi-parent",15966.89
"state48","race-parenthood","multi-parent",67602.24
"state49","race-parenthood","multi-parent",2581.1
"state51","race-parenthood","multi-parent",27067.05
"state53","race-parenthood","multi-parent",79162.36
"state54","race-parenthood","multi-parent",6480.99
"state55","race-parenthood","multi-parent",5416.86
"state01","race-parenthood","white-non-parent",1739935.98
"state02","race-parenthood","white-non-parent",218124.73
"state04","race-parenthood","white-non-parent",2247492.55
"state05","race-parenthood","white-non-parent",1179598.53
"state06","race-parenthood","white-non-parent",7680357.23
"state08","race-parenthood","white-non-parent",2349913.51
"state09","race-parenthood","white-non-parent",1300084.9
"state10","race-parenthood","white-non-parent",357850.31
"state11","race-parenthood","white-non-parent",197438.82
"state12","race-parenthood","white-non-parent",7300793.69
"state13","race-parenthood","white-non-parent",2964910.86
"state15","race-parenthood","white-non-parent",136834.93
"state16","race-parenthood","white-non-parent",750816.01
"state17","race-parenthood","white-non-parent",4099349.58
"state18","race-parenthood","white-non-parent",2636502.2
"state19","race-parenthood","white-non-parent",1483934.4
"state20","race-parenthood","white-non-parent",1113743.12
"state21","race-parenthood","white-non-parent",2044547.81
"state22","race-parenthood","white-non-parent",1278384.82
"state23","race-parenthood","white-non-parent",753718.98
"state24","race-parenthood","white-non-parent",1568919.54
"state25","race-parenthood","white-non-parent",2603432.66
"state26","race-parenthood","white-non-parent",4022740.98
"state27","race-parenthood","white-non-parent",2462594.56
"state28","race-parenthood","white-non-parent",888635.76
"state29","race-parenthood","white-non-parent",2525307.38
"state30","race-parenthood","white-non-parent",564859.61
"state31","race-parenthood","white-non-parent",779877.75
"state32","race-parenthood","white-non-parent",916196.26
"state33","race-parenthood","white-non-parent",728213.91
"state34","race-parenthood","white-non-parent",2469830.17
"state35","race-parenthood","white-non-parent",481941.9
"state36","race-parenthood","white-non-parent",5889306.7
"state37","race-parenthood","white-non-parent",3565714.22
"state38","race-parenthood","white-non-parent",333615.72
"state39","race-parenthood","white-non-parent",4657356.83
"state40","race-parenthood","white-non-parent",1324883.4
"state41","race-parenthood","white-non-parent",1765301.83
"state42","race-parenthood","white-non-parent",5115099.11
"state44","race-parenthood","white-non-parent",448019.32
"state45","race-parenthood","white-non-parent",1771885.19
"state46","race-parenthood","white-non-parent",411804.1
"state47","race-parenthood","white-non-parent",2688738.87
"state48","race-parenthood","white-non-parent",6515212.07
"state49","race-parenthood","white-non-parent",1208684.6
"state50","race-parenthood","white-non-parent",344439.25
"state51","race-parenthood","white-non-parent",2731784.76
"state53","race-parenthood","white-non-parent",2777979.01
"state54","race-parenthood","white-non-parent",862742.6
"state55","race-parenthood","white-non-parent",2535654.51
"state56","race-parenthood","white-non-parent",245902.7
"state01","race-parenthood","black-non-parent",691658.46
"state02","race-parenthood","black-non-parent",10441.3
"state04","race-parenthood","black-non-parent",198916.24
"state05","race-parenthood","black-non-parent",219045.28
"state06","race-parenthood","black-non-parent",1152054.21
"state08","race-parenthood","black-non-parent",108998.67
"state09","race-parenthood","black-non-parent",201348.67
"state10","race-parenthood","black-non-parent",107031.99
"state11","race-parenthood","black-non-parent",173223.64
"state12","race-parenthood","black-non-parent",1556444.55
"state13","race-parenthood","black-non-parent",1735841.37
"state15","race-parenthood","black-non-parent",11698.23
"state16","race-parenthood","black-non-parent",11722.16
"state17","race-parenthood","black-non-parent",907788.96
"state18","race-parenthood","black-non-parent",279008.01
"state19","race-parenthood","black-non-parent",59568.03
"state20","race-parenthood","black-non-parent",73373.05
"state21","race-parenthood","black-non-parent",132060.59
"state22","race-parenthood","black-non-parent",681094.94
"state23","race-parenthood","black-non-parent",18585.46
"state24","race-parenthood","black-non-parent",954664.7
"state25","race-parenthood","black-non-parent",252208.05
"state26","race-parenthood","black-non-parent",606573.82
"state27","race-parenthood","black-non-parent",179092.41
"state28","race-parenthood","black-non-parent",539016.75
"state29","race-parenthood","black-non-parent",326891.21
"state31","race-parenthood","black-non-parent",35173.22
"state32","race-parenthood","black-non-parent",111437.7
"state33","race-parenthood","black-non-parent",13633.96
"state34","race-parenthood","black-non-parent",544368.28
"state35","race-parenthood","black-non-parent",23653.36
"state36","race-parenthood","black-non-parent",1368297.82
"state37","race-parenthood","black-non-parent",1190490.07
"state38","race-parenthood","black-non-parent",7717.93
"state39","race-parenthood","black-non-parent",651392.19
"state40","race-parenthood","black-non-parent",169223.82
"state41","race-parenthood","black-non-parent",40986.52
"state42","race-parenthood","black-non-parent",683779.17
"state44","race-parenthood","black-non-parent",36983.81
"state45","race-parenthood","black-non-parent",653628.72
"state46","race-parenthood","black-non-parent",7387.48
"state47","race-parenthood","black-non-parent",500509.59
"state48","race-parenthood","black-non-parent",1722526.24
"state49","race-parenthood","black-non-parent",27305.58
"state51","race-parenthood","black-non-parent",875987.17
"state53","race-parenthood","black-non-parent",133567.38
"state54","race-parenthood","black-non-parent",32796.09
"state55","race-parenthood","black-non-parent",153257.93
"state01","race-parenthood","hispan-non-parent",88684.36
"state02","race-parenthood","hispan-non-parent",24181.52
"state04","race-parenthood","hispan-non-parent",1081139.99
"state05","race-parenthood","hispan-non-parent",76196.44
"state06","race-parenthood","hispan-non-parent",6432398.22
"state08","race-parenthood","hispan-non-parent",509465.12
"state09","race-parenthood","hispan-non-parent",254554.39
"state10","race-parenthood","hispan-non-parent",34352.47
"state11","race-parenthood","hispan-non-parent",32299.67
"state12","race-parenthood","hispan-non-parent",2824396.02
"state13","race-parenthood","hispan-non-parent",458459.69
"state15","race-parenthood","hispan-non-parent",50695.26
"state16","race-parenthood","hispan-non-parent",116279.17
"state17","race-parenthood","hispan-non-parent",946401.06
"state18","race-parenthood","hispan-non-parent",252021.2
"state19","race-parenthood","hispan-non-parent",90727.08
"state20","race-parenthood","hispan-non-parent",129517.78
"state21","race-parenthood","hispan-non-parent",102858.56
"state22","race-parenthood","hispan-non-parent",156446.68
"state23","race-parenthood","hispan-non-parent",10641.76
"state24","race-parenthood","hispan-non-parent",290543.17
"state25","race-parenthood","hispan-non-parent",423198.61
"state26","race-parenthood","hispan-non-parent",207311.48
"state27","race-parenthood","hispan-non-parent",121955.4
"state28","race-parenthood","hispan-non-parent",54983.32
"state29","race-parenthood","hispan-non-parent",109136.66
"state30","race-parenthood","hispan-non-parent",14167.11
"state31","race-parenthood","hispan-non-parent",82600.63
"state32","race-parenthood","hispan-non-parent",400324
"state33","race-parenthood","hispan-non-parent",15747.87
"state34","race-parenthood","hispan-non-parent",799407.81
"state35","race-parenthood","hispan-non-parent",428142.19
"state36","race-parenthood","hispan-non-parent",1754443.18
"state37","race-parenthood","hispan-non-parent",570354.93
"state38","race-parenthood","hispan-non-parent",12431.62
"state39","race-parenthood","hispan-non-parent",217785.34
"state40","race-parenthood","hispan-non-parent",211893.17
"state41","race-parenthood","hispan-non-parent",255014.85
"state42","race-parenthood","hispan-non-parent",366255.16
"state44","race-parenthood","hispan-non-parent",63272.12
"state45","race-parenthood","hispan-non-parent",170144.85
"state46","race-parenthood","hispan-non-parent",14451.12
"state47","race-parenthood","hispan-non-parent",189652.3
"state48","race-parenthood","hispan-non-parent",4547178.92
"state49","race-parenthood","hispan-non-parent",190407.04
"state51","race-parenthood","hispan-non-parent",302400.89
"state53","race-parenthood","hispan-non-parent",434697.72
"state54","race-parenthood","hispan-non-parent",11646.38
"state55","race-parenthood","hispan-non-parent",89558.21
"state56","race-parenthood","hispan-non-parent",18428.89
"state01","race-parenthood","asian-non-parent",32962.4
"state02","race-parenthood","asian-non-parent",21631.72
"state04","race-parenthood","asian-non-parent",93223.29
"state05","race-parenthood","asian-non-parent",28352.22
"state06","race-parenthood","asian-non-parent",3351230.84
"state08","race-parenthood","asian-non-parent",74291.43
"state09","race-parenthood","asian-non-parent",57611.33
"state10","race-parenthood","asian-non-parent",18673.55
"state11","race-parenthood","asian-non-parent",20001.59
"state12","race-parenthood","asian-non-parent",331679.87
"state13","race-parenthood","asian-non-parent",251583.03
"state15","race-parenthood","asian-non-parent",353763.29
"state16","race-parenthood","asian-non-parent",12185.2
"state17","race-parenthood","asian-non-parent",288950.64
"state18","race-parenthood","asian-non-parent",68580.37
"state19","race-parenthood","asian-non-parent",14072.16
"state20","race-parenthood","asian-non-parent",41755.46
"state21","race-parenthood","asian-non-parent",21999.55
"state22","race-parenthood","asian-non-parent",44056.6
"state23","race-parenthood","asian-non-parent",10963.4
"state24","race-parenthood","asian-non-parent",253430.02
"state25","race-parenthood","asian-non-parent",255873.93
"state26","race-parenthood","asian-non-parent",128820.88
"state27","race-parenthood","asian-non-parent",101852.18
"state28","race-parenthood","asian-non-parent",6600.31
"state29","race-parenthood","asian-non-parent",50982.09
"state30","race-parenthood","asian-non-parent",4894.04
"state31","race-parenthood","asian-non-parent",26411.34
"state32","race-parenthood","asian-non-parent",152724.22
"state33","race-parenthood","asian-non-parent",30189.69
"state34","race-parenthood","asian-non-parent",478199.38
"state35","race-parenthood","asian-non-parent",21820.18
"state36","race-parenthood","asian-non-parent",867166.51
"state37","race-parenthood","asian-non-parent",156112.89
"state38","race-parenthood","asian-non-parent",7272.54
"state39","race-parenthood","asian-non-parent",135426.59
"state40","race-parenthood","asian-non-parent",43469.86
"state41","race-parenthood","asian-non-parent",140523.38
"state42","race-parenthood","asian-non-parent",279566.42
"state44","race-parenthood","asian-non-parent",15890.93
"state45","race-parenthood","asian-non-parent",55720.85
"state47","race-parenthood","asian-non-parent",65225.19
"state48","race-parenthood","asian-non-parent",786918.15
"state49","race-parenthood","asian-non-parent",45229.84
"state50","race-parenthood","asian-non-parent",5402.99
"state51","race-parenthood","asian-non-parent",304229.29
"state53","race-parenthood","asian-non-parent",404681.31
"state54","race-parenthood","asian-non-parent",4756.26
"state55","race-parenthood","asian-non-parent",56219.55
"state56","race-parenthood","asian-non-parent",4409.62
"state02","race-parenthood","native-non-parent",48227.91
"state04","race-parenthood","native-non-parent",92359.55
"state06","race-parenthood","native-non-parent",102468.82
"state08","race-parenthood","native-non-parent",18994.77
"state09","race-parenthood","native-non-parent",3711.96
"state12","race-parenthood","native-non-parent",46348.52
"state13","race-parenthood","native-non-parent",20090.24
"state17","race-parenthood","native-non-parent",9693.39
"state19","race-parenthood","native-non-parent",9575.73
"state20","race-parenthood","native-non-parent",25516.85
"state21","race-parenthood","native-non-parent",2737.49
"state25","race-parenthood","native-non-parent",7298.85
"state26","race-parenthood","native-non-parent",32816.45
"state27","race-parenthood","native-non-parent",53136.3
"state29","race-parenthood","native-non-parent",10835.91
"state30","race-parenthood","native-non-parent",19329.69
"state31","race-parenthood","native-non-parent",11605.01
"state32","race-parenthood","native-non-parent",9231.86
"state35","race-parenthood","native-non-parent",103575.65
"state36","race-parenthood","native-non-parent",23918.65
"state37","race-parenthood","native-non-parent",45777.46
"state38","race-parenthood","native-non-parent",13400.56
"state39","race-parenthood","native-non-parent",3302.4
"state40","race-parenthood","native-non-parent",138264.68
"state41","race-parenthood","native-non-parent",21708.1
"state42","race-parenthood","native-non-parent",19690.13
"state45","race-parenthood","native-non-parent",6751.14
"state46","race-parenthood","native-non-parent",18958.29
"state47","race-parenthood","native-non-parent",20616.7
"state48","race-parenthood","native-non-parent",65390.13
"state49","race-parenthood","native-non-parent",3984.98
"state51","race-parenthood","native-non-parent",27461.62
"state53","race-parenthood","native-non-parent",68328.36
"state55","race-parenthood","native-non-parent",17697.89
"state01","race-parenthood","multi-non-parent",37181.22
"state02","race-parenthood","multi-non-parent",23030.36
"state04","race-parenthood","multi-non-parent",59125.96
"state05","race-parenthood","multi-non-parent",24020.29
"state06","race-parenthood","multi-non-parent",289308.85
"state08","race-parenthood","multi-non-parent",51700.14
"state09","race-parenthood","multi-non-parent",24580.38
"state10","race-parenthood","multi-non-parent",14039.59
"state11","race-parenthood","multi-non-parent",6262.08
"state12","race-parenthood","multi-non-parent",178725.5
"state13","race-parenthood","multi-non-parent",82376
"state15","race-parenthood","multi-non-parent",114910.95
"state16","race-parenthood","multi-non-parent",15751.43
"state17","race-parenthood","multi-non-parent",58211.27
"state18","race-parenthood","multi-non-parent",75637.4
"state19","race-parenthood","multi-non-parent",29429.48
"state20","race-parenthood","multi-non-parent",45082.39
"state21","race-parenthood","multi-non-parent",35239.29
"state22","race-parenthood","multi-non-parent",25419.92
"state23","race-parenthood","multi-non-parent",26143.16
"state24","race-parenthood","multi-non-parent",64257.72
"state25","race-parenthood","multi-non-parent",63315.7
"state26","race-parenthood","multi-non-parent",76236.25
"state27","race-parenthood","multi-non-parent",80033.21
"state28","race-parenthood","multi-non-parent",7932.7
"state29","race-parenthood","multi-non-parent",60735.1
"state30","race-parenthood","multi-non-parent",18379.15
"state31","race-parenthood","multi-non-parent",21568.21
"state32","race-parenthood","multi-non-parent",56432.87
"state34","race-parenthood","multi-non-parent",55762.78
"state35","race-parenthood","multi-non-parent",10590.32
"state36","race-parenthood","multi-non-parent",127164.06
"state37","race-parenthood","multi-non-parent",94939.2
"state38","race-parenthood","multi-non-parent",7546.1
"state39","race-parenthood","multi-non-parent",110078.72
"state40","race-parenthood","multi-non-parent",98956.6
"state41","race-parenthood","multi-non-parent",63167.42
"state42","race-parenthood","multi-non-parent",90303.44
"state44","race-parenthood","multi-non-parent",13718.59
"state45","race-parenthood","multi-non-parent",33660.47
"state46","race-parenthood","multi-non-parent",5144.91
"state47","race-parenthood","multi-non-parent",54926.51
"state48","race-parenthood","multi-non-parent",204411.62
"state49","race-parenthood","multi-non-parent",24408.97
"state50","race-parenthood","multi-non-parent",8289.73
"state51","race-parenthood","multi-non-parent",116430.58
"state53","race-parenthood","multi-non-parent",115485.74
"state54","race-parenthood","multi-non-parent",13045.57
"state55","race-parenthood","multi-non-parent",28857.66
"national","gender","male",126817902.13
"national","gender","female",132795238.19
"national","gender-parenthood","male-parent",28742602.84
"national","gender-parenthood","male-non-parent",86118943.86
"national","gender-parenthood","female-parent",34651174.27
"national","gender-parenthood","female-non-parent",81322128.39
"national","gender-race","male-white",77583628.06
"national","gender-race","male-black",14416631.37
"national","gender-race","male-hispan",23303442.09
"national","gender-race","male-asian",8609679.82
"national","gender-race","male-native",897600.66
"national","gender-race","male-multi",2006920.13
"national","gender-race","female-white",80187248.54
"national","gender-race","female-black",16935401.5
"national","gender-race","female-hispan",23099491.77
"national","gender-race","female-asian",9319011.65
"national","gender-race","female-native",1002371.23
"national","gender-race","female-multi",2251713.5
"national","race-parenthood","white-parent",35262051.81
"national","race-parenthood","black-parent",7494791.85
"national","race-parenthood","hispan-parent",13948045.6
"national","race-parenthood","asian-parent",5183152.08
"national","race-parenthood","native-parent",505092.07
"national","race-parenthood","multi-parent",1000643.7
"national","race-parenthood","white-non-parent",107041008.23
"national","race-parenthood","black-non-parent",20182126.6
"national","race-parenthood","hispan-non-parent",26044111.94
"national","race-parenthood","asian-non-parent",10029931.29
"national","race-parenthood","native-non-parent",1193914.25
"national","race-parenthood","multi-non-parent",2949979.94
"state01","gender-race","female-other",417068.57
"state01","gender-race","male-other",538943.55
"state01","race-parenthood","other-non-parent",447700.6
"state01","race-parenthood","other-parent",282674.04
"state02","gender-race","female-other",85892.1
"state02","gender-race","male-other",124106.68
"state02","race-parenthood","other-non-parent",159278.795019202
"state02","race-parenthood","other-parent",95309.0119334822
"state04","gender-race","female-other",803143.75
"state04","gender-race","male-other",692870.76
"state04","race-parenthood","other-non-parent",568614.32846163
"state04","race-parenthood","other-parent",649375.25
"state05","gender-race","female-other",323522.085871236
"state05","gender-race","male-other",370991.86
"state05","race-parenthood","other-non-parent",234199.547936021
"state05","race-parenthood","other-parent",223996.18
"state06","gender-race","female-other",417851.83
"state06","gender-race","male-other",2480573.73
"state06","race-parenthood","other-non-parent",289308.85
"state06","race-parenthood","other-parent",2163764.99658109
"state08","gender-race","female-other",983468.02
"state08","gender-race","male-other",1369512.62
"state08","race-parenthood","other-non-parent",1517542.69
"state08","race-parenthood","other-parent",563742.12
"state09","gender-race","female-other",678837.290284659
"state09","gender-race","male-other",553778.83
"state09","race-parenthood","other-non-parent",745189.038839758
"state09","race-parenthood","other-parent",333746.73
"state10","gender-race","female-other",207667.968399118
"state10","gender-race","male-other",333327.92
"state10","race-parenthood","other-non-parent",269628.22
"state10","race-parenthood","other-parent",125643.98
"state11","gender-race","female-other",212820.400663581
"state11","gender-race","male-other",202667.63752327
"state11","race-parenthood","other-non-parent",360131.458780177
"state11","race-parenthood","other-parent",53944.68
"state12","gender-race","female-other",1253051.33311256
"state12","gender-race","male-other",3907285.92
"state12","race-parenthood","other-non-parent",2600924.73
"state12","race-parenthood","other-parent",1051787.68662217
"state13","gender-race","female-other",1022667.52
"state13","gender-race","male-other",3097128.77
"state13","race-parenthood","other-non-parent",3082975.04
"state13","race-parenthood","other-parent",861831.436357929
"state15","gender-race","female-other",168319.16
"state15","gender-race","male-other",287493.2
"state15","race-parenthood","other-non-parent",199228.42
"state15","race-parenthood","other-parent",132840.05
"state16","gender-race","female-other",292610.812595026
"state16","gender-race","male-other",192345.537772194
"state16","race-parenthood","other-non-parent",102068.87
"state16","race-parenthood","other-parent",440889.811123081
"state17","gender-race","female-native",15664.1809007189
"state17","gender-race","female-other",958437.57
"state17","gender-race","male-other",1941592.4
"state17","race-parenthood","other-non-parent",1461762.71
"state17","race-parenthood","other-parent",993850.819694339
"state18","gender-race","female-other",614116.33
"state18","gender-race","male-other",1135041.95879559
"state18","race-parenthood","native-parent",2590.85334900986
"state18","race-parenthood","other-non-parent",576294.35
"state18","race-parenthood","other-parent",918139.809735145
"state19","gender-race","female-other",217993.48
"state19","gender-race","male-other",1104577.67
"state19","race-parenthood","other-non-parent",856036.24
"state19","race-parenthood","other-parent",331550.6
"state20","gender-race","female-other",454656.236412162
"state20","gender-race","male-other",250692.98
"state20","race-parenthood","other-non-parent",178957.91277977
"state20","race-parenthood","other-parent",314433.03192432
"state21","gender-race","female-other",380775.16746191
"state21","gender-race","male-other",1403593.6
"state21","race-parenthood","other-non-parent",1148270.02
"state21","race-parenthood","other-parent",746897.776671353
"state22","gender-race","female-other",285198.361821991
"state22","gender-race","male-other",911853.125202985
"state22","race-parenthood","other-non-parent",771307.952907559
"state22","race-parenthood","other-parent",147723.78
"state23","gender-race","female-other",130612.968927792
"state23","gender-race","male-other",158819.91
"state23","race-parenthood","other-non-parent",58239.38
"state23","race-parenthood","other-parent",111846.05
"state24","gender-race","female-other",1746521.99
"state24","gender-race","male-other",1775624.55
"state24","race-parenthood","native-parent",8303.33171736274
"state24","race-parenthood","other-non-parent",2112892.73
"state24","race-parenthood","other-parent",977812.61
"state25","gender-race","female-other",546415.702047342
"state25","gender-race","male-other",1088660.12
"state25","race-parenthood","other-non-parent",793289.74
"state25","race-parenthood","other-parent",514610.93
"state26","gender-race","female-other",1039165.53
"state26","gender-race","male-other",1123785.69403587
"state26","race-parenthood","other-non-parent",942706.18
"state26","race-parenthood","other-parent",792191.479591215
"state27","gender-race","female-other",590197.132812815
"state27","gender-race","male-other",1272453.86
"state27","race-parenthood","other-non-parent",1436461.4
"state27","race-parenthood","other-parent",646673.29
"state28","gender-race","female-other",240611.570681415
"state28","gender-race","male-other",703181.2
"state28","race-parenthood","multi-parent",6073.30173975178
"state28","race-parenthood","other-non-parent",446887.95
"state28","race-parenthood","other-parent",295486.80955759
"state29","gender-race","female-other",436162.572690216
"state29","gender-race","male-other",1597553.2
"state29","race-parenthood","other-non-parent",1675623.12
"state29","race-parenthood","other-parent",436162.572690216
"state30","gender-race","female-other",58492.5
"state30","gender-race","male-other",291886.049803767
"state30","race-parenthood","other-non-parent",278299.916411561
"state30","race-parenthood","other-parent",21888.87
"state31","gender-race","female-other",318486.71
"state31","gender-race","male-other",268787.6
"state31","race-parenthood","other-non-parent",156968.61
"state31","race-parenthood","other-parent",239026.71
"state32","gender-race","female-other",583344.2
"state32","gender-race","male-other",576733.94
"state32","race-parenthood","other-non-parent",517276.41
"state32","race-parenthood","other-parent",475357.17
"state33","gender-race","female-other",176926.703704553
"state33","gender-race","male-other",80456.6773791474
"state33","race-parenthood","other-non-parent",56316.04
"state33","race-parenthood","other-parent",177281.427013635
"state34","gender-race","female-other",1756052.56
"state34","gender-race","male-other",2649743.83
"state34","race-parenthood","other-non-parent",2785953.76
"state34","race-parenthood","other-parent",894220.47
"state35","gender-race","female-other",453241.344353419
"state35","gender-race","male-other",456269.1
"state35","race-parenthood","other-non-parent",526410.48941026
"state35","race-parenthood","other-parent",410760.606970382
"state36","gender-race","female-other",721249.182063221
"state36","gender-race","male-other",1486004.68
"state36","race-parenthood","other-non-parent",636219.354997792
"state36","race-parenthood","other-parent",832443.94
"state37","gender-race","female-other",961769.06
"state37","gender-race","male-other",2329755.36
"state37","race-parenthood","other-non-parent",2483024.38
"state37","race-parenthood","other-parent",472861.57
"state38","gender-race","female-other",161445.851587274
"state38","gender-race","male-other",216452.307693753
"state38","race-parenthood","other-non-parent",216452.307693753
"state38","race-parenthood","other-parent",151549.728374511
"state39","gender-race","female-other",667909.84
"state39","gender-race","male-other",993054.09
"state39","race-parenthood","other-non-parent",834564.53
"state39","race-parenthood","other-parent",900006.343300199
"state40","gender-race","female-other",468389.61
"state40","gender-race","male-other",821754.80989809
"state40","race-parenthood","other-non-parent",798283.234909168
"state40","race-parenthood","other-parent",291954.996154086
"state41","gender-race","female-other",277457.511688325
"state41","gender-race","male-other",518777.114894245
"state41","race-parenthood","other-non-parent",334019.02
"state41","race-parenthood","other-parent",347418.185731717
"state42","gender-race","female-other",710826.92
"state42","gender-race","male-other",1132929.28
"state42","race-parenthood","other-non-parent",892010.46
"state42","race-parenthood","other-parent",457354.23
"state44","gender-race","female-other",307390.533823473
"state44","gender-race","male-other",275999.85
"state44","race-parenthood","other-non-parent",307390.533823473
"state44","race-parenthood","other-parent",127768.649349118
"state45","gender-race","female-other",667842.25
"state45","gender-race","male-other",643871.61
"state45","race-parenthood","other-non-parent",728721.77
"state45","race-parenthood","other-parent",269493.65
"state46","gender-race","female-other",80158.018508726
"state46","gender-race","male-other",325408.58
"state46","race-parenthood","other-non-parent",242079.29
"state46","race-parenthood","other-parent",80525.28
"state47","gender-race","female-other",436740.87
"state47","gender-race","male-other",726403.93
"state47","race-parenthood","other-non-parent",440698.38
"state47","race-parenthood","other-parent",359791.09
"state48","gender-race","female-other",999280.86
"state48","gender-race","male-other",3313042.51334944
"state48","race-parenthood","other-non-parent",1435285.13
"state48","race-parenthood","other-parent",3479022.6339021
"state49","gender-race","female-other",190607.534120421
"state49","gender-race","male-other",212258.42
"state49","race-parenthood","other-non-parent",250944.966024886
"state49","race-parenthood","other-parent",219932.666001643
"state50","gender-race","female-other",27777.83
"state50","gender-race","male-other",99325.7409648126
"state50","race-parenthood","other-non-parent",23244.01
"state50","race-parenthood","other-parent",66397.5386575025
"state51","gender-race","female-other",1446355.64951474
"state51","gender-race","male-other",1110450.66
"state51","race-parenthood","other-non-parent",1523423.26
"state51","race-parenthood","other-parent",1072655.34062377
"state53","gender-race","female-other",780294.47
"state53","gender-race","male-other",900127.61
"state53","race-parenthood","other-non-parent",606608.36
"state53","race-parenthood","other-parent",814004.701246812
"state54","gender-race","female-other",96090.038714783
"state54","gender-race","male-other",535270.244429147
"state54","race-parenthood","other-non-parent",535270.244429147
"state54","race-parenthood","other-parent",137853.344231527
"state55","gender-race","female-other",650905.789340917
"state55","gender-race","male-other",1486109.2
"state55","race-parenthood","other-non-parent",1360502.64
"state55","race-parenthood","other-parent",565753.436521624
"state56","gender-race","female-other",39879.09
"state56","gender-race","male-other",128974.929668556
"state56","race-parenthood","other-non-parent",39116.0189847381
"state56","race-parenthood","other-parent",96007.0702372778
